431.688,261.981
610.857,679.628
448.78,666.514
276.11,220.669
134.524,380.623
667.956,516.761
143.201,385.901
644.591,707.475
872.146,629.045
872.146,629.045
86.2351,551.357
893.711,683.158
63.3722,187.677
707.018,481.343
572.655,267.424
898.146,356.5
270.906,566.189
576.414,518.56
978.08,497.341
270.906,566.189
1042.49,707.846
524.738,683.307
314.713,673.2
33.2544,515.065
317.223,469.238
965.644,79.895
186.927,223.725
18.5873,514.978
213.134,596.397
879.2,712.192
740.867,485.797
498.03,632.592
71.7462,325.804
280.672,222.475
701.702,658.411
938.561,665.099
756.177,314.288
741.474,658.093
109.443,213.037
340.998,264.558
369.01,705.511
1008.34,522.674
184.117,693.812
1041.65,432.721
280.672,222.475
280.672,222.475
280.337,340.757
754.426,204.47
696.661,477.814
603.875,625.108
978.08,497.341
823.522,222.36
99.4893,476.053
294.465,653.095
252.012,558.041
945.468,681.558
1041.65,432.721
255.445,559.461
75.0385,200.401
75.0385,200.401
359.012,467.027
249.979,293.53
46.1505,534.436
555.556,294.348
848.949,298.383
64.9589,496.71
67.3519,493.917
738.229,298.715
539.213,412.318
493.65,316.702
913.543,602.497
794.448,412.968
594.999,660.119
821.705,240.247
841.512,279.989
711.004,713.011
286.669,442.143
238.33,470.683
405.516,554.732
251.497,426.323
91.0767,516.122
332.342,594.232
44.8665,297.296
1052.16,444.212
719.679,699.34
466.246,242.128
546.742,251.167
1043.43,618.86
467.694,478.554
1026,673.412
184.5,547.166
10.5769,365.19
281.136,669.182
343.285,523.495
769.018,654.029
565.062,678.741
1008.41,473.906
240.835,263.336
1008.34,522.674
982.882,666.77
644.531,543.439
15.8975,156.006
983.432,665.793
515.699,326.847
515.699,326.847
123.825,510.046
703.265,633.304
650.65,171.096
1071.56,437.59
33.6833,602.301
982.216,415.724
542.528,636.561
690.314,569.466
654.665,571.64
259.441,537.444
456.684,543.825
1056.43,464.56
538.467,618.781
795.469,331.034
975.67,704.634
1071.94,656.311
838.124,211.413
304.83,695.107
22.9925,349.418
311.995,132.409
299.5,145.936
420.636,614.081
91.0767,516.122
276.11,220.669
751.477,261.787
220.905,392.543
592.622,696.914
87.3624,362.112
457.573,639.422
52.2107,593.5
33.6833,602.301
846.09,700.7
330.494,499.241
457.925,300.372
825.833,476.23
285.513,453.51
415.666,659.86
555.436,684.658
383.046,690.079
362.614,537.525
771.218,217.37
481.518,632.404
280.916,654.554
167.115,366.234
624.431,307.066
199.935,709.801
237.012,707.451
1063.39,703.982
578.914,558.93
592.116,668.727
907.32,645.861
31.6393,175.772
850.909,623.227
823.429,631.491
705.808,667.397
277.083,545.34
1073.2,464.538
4.1687,317.705
786.474,479.274
142.782,208.872
665.923,673.62
280.447,658.936
913.41,680.923
18.5873,514.978
40.5716,297.281
800.237,378.463
437.684,213.935
125.136,260.364
515.699,326.847
27.4057,170.584
731.932,251.011
731.932,251.011
71.7406,338.774
1071.94,656.311
186.927,223.725
37.2718,341.117
400.6,685.417
93.8103,634.851
97.1409,615.075
751.905,100.811
494.632,107.073
227.8,648.076
52.0374,196.722
1041.39,339.188
436.401,543.45
238.653,415.49
462.199,284.618
959.91,313.882
213.134,596.397
650.65,171.096
365.824,538.014
465.309,281.466
754.278,246.668
90.8694,395.868
648.597,529.418
612.941,701.134
237.012,707.451
729.596,510.216
889.907,601.911
31.6393,175.772
730.642,390.024
870.932,544.04
513.972,271.24
394.931,709.956
716.869,709.115
863.154,648.035
911.345,669.121
339.546,449.203
64.1479,599.067
761.004,526.104
838.162,364.047
722.176,710.05
259.441,537.444
711.372,353.411
804.341,423.754
262.898,603.492
866.738,370.782
25.2417,683.402
1035.17,665.161
286.049,554.785
794.079,690.854
907.32,645.861
854.822,384.412
779.915,671.135
796.986,363.373
309.874,640.911
888.133,467.817
9.9721,349.698
763.223,647.155
813.635,357.577
306.439,609.826
844.423,598.025
290.918,700.53
637.512,290.406
892.973,617.174
728.15,252.198
683.562,543.787
813.318,91.8204
797.4,517.664
847.487,360.35
1019.88,350.583
594.999,660.119
385.48,686.146
1014.09,583.888
951.839,678.919
984.122,630.842
805.051,592.526
380.751,701.723
114.12,153.01
963.496,460.682
498.03,632.592
114.145,147.553
130.543,348.913
769.018,654.029
158.614,373.855
678.494,109.411
836.44,332.17
218.731,456.537
512.734,594.906
392.926,625.274
558.403,489.281
974.339,346.459
763.223,647.155
199.935,709.801
412.336,635.417
674.837,442.466
834.774,703.67
698.587,585.926
854.822,384.412
419.387,253.656
976.351,242.15
50.5737,279.472
90.3284,483.177
978.08,497.341
273.165,182.874
90.8694,395.868
512.734,594.906
247.51,517.162
658.304,689.985
848.949,298.383
768.908,502.983
738.622,258.947
815.083,383.149
968.438,499.446
126.309,352.395
813.284,605.151
1023.5,348.18
977.812,467.292
298.754,489.297
285.518,320.392
569.491,695.982
903.594,480.708
847.487,360.35
197.525,651.136
931.601,478.229
800.069,488.66
384.306,626.47
914.345,659.009
88.027,343.592
107.16,166.649
216.875,422.686
144.9,97.2746
640.111,553.905
996.883,534.676
147.571,362.442
260.721,421.695
1066.33,534.364
104.38,561.777
307.232,500.08
82.5892,664.46
407.263,640.25
114.351,508.513
135.84,373.937
924.891,690.195
704.448,493.557
458.658,706.956
912.833,431.602
940.184,415.828
900.878,485.761
895.082,608.953
105.159,651.224
1041.7,621.886
838.124,211.413
751.908,213.542
1041.7,621.886
625.766,662.657
3.38363,581.825
752.963,396.19
750.794,526.964
737.13,332.524
963.1,507.161
977.812,467.292
922.97,603.476
145.972,553.514
813.318,91.8204
1040.3,499.347
612.941,701.134
48.4773,326.778
833.915,602.134
841.512,279.989
37.0842,329.516
65.6955,440.896
978.08,497.341
380.082,604.102
286.049,554.785
61.654,352.33
27.2464,617.361
272.04,430.027
27.2464,617.361
982.568,348.478
39.9826,635.304
181.81,209.416
884.625,638.903
1041.62,608.685
128.005,603.315
271.101,424.961
946.716,608.621
45.1417,392.698
427.1,641.023
974.7,542.453
959.892,663.354
571.815,649.026
1010.66,445.192
811.281,215.118
1052.16,444.212
372.331,691.074
944.675,691.117
563.905,555.645
729.122,628.367
837.034,592.951
1049.03,430.476
506.197,543.214
828.403,290.613
94.6005,155.172
102.369,173.187
817.896,254.586
862.326,628.288
851.944,346.122
533.99,538.344
126.093,440.028
671.11,654.072
143.201,385.901
908.817,587.191
794.766,455.625
1018.28,671.447
241.651,628.224
729.122,628.367
805.068,385.088
148.747,597.619
1001.32,598.067
466.246,242.128
608.006,375.508
723.887,651.013
18.5873,514.978
71.7406,338.774
863.325,374.117
863.325,374.117
1035.64,621.085
911.987,648.745
1004.85,357.918
846.192,296.842
1040.3,499.347
665.923,673.62
286.672,474.776
84.4068,469.559
440.959,497.382
994.527,349.956
621.672,625.623
621.672,625.623
644.531,543.439
279.174,700.239
279.174,700.239
84.4706,213.487
822.045,546.589
872.146,629.045
385.48,686.146
132.75,356.298
796.121,234.472
421.34,649.456
928.22,484.612
554.249,558.986
136.817,513.233
9.9721,349.698
163.726,624.89
1037.23,460.614
86.8689,547.093
36.5427,595.283
672.852,701.733
419.426,630.168
262.851,619.631
447.429,683
280.916,654.554
39.9456,417.077
43.3852,424.448
587.081,553.878
906.079,220.404
554.473,490.531
1040.84,437.05
675.061,655.785
25.2417,683.402
347.91,488.985
159.848,618.566
159.848,618.566
537.546,273.137
535.334,277.708
280.672,222.475
850.272,690.21
449.298,705.266
262.578,533.896
504.522,700.599
430.14,682.391
1064.04,612.775
386.724,603.826
863.194,640.983
280.672,222.475
928.161,363.938
963.496,460.682
170.23,503.481
698.983,590.977
5.82525,627.985
680.051,248.582
1056.43,464.56
868.484,79.4315
862.188,626.498
924.891,690.195
284.349,210.9
527.541,625.126
859.035,476.408
102.925,558.662
839.438,637.803
1060.53,276.096
591.335,510.032
806.115,440.35
922.97,603.476
311.719,224.108
851.971,529.904
746.306,504.598
914.359,62.7554
806.115,440.35
294.819,219.726
212.181,624.031
62.8054,705.048
258.956,699.688
671.427,595.218
871.483,650.142
91.0767,516.122
186.927,223.725
527.246,465.913
1019.88,350.583
771.218,217.37
262.898,603.492
813.637,474.737
590.479,133.007
538.969,553.02
919.398,484.919
494.103,265.955
357.044,525.798
1015.85,681.826
252.155,532.486
18.3234,398.358
443.012,600.163
321.143,416.752
258.849,597.164
901.255,608.429
729.122,628.367
901.255,369.961
500.737,197.329
841.792,655.634
657.525,501.463
839.438,637.803
86.2351,551.357
317.474,415.523
603.875,625.108
919.226,370.189
610.11,593.469
262.898,603.492
943.705,684.887
353.868,606.43
699.575,446.979
558.365,151.574
558.365,151.574
726.573,493.88
456.234,592.939
704.448,493.557
628.233,632.84
530.378,656.725
73.5948,221.87
213.491,453.502
891.081,304.835
645.284,273.15
610.857,679.628
75.5414,505.625
984.122,630.842
569.491,695.982
724.435,504.408
1073.2,464.538
194.751,469.549
280.445,622.478
223.363,644.348
15.6293,496.518
534.461,302.896
737.13,332.524
483.698,268.899
675.22,426.209
953.059,585.18
800.237,378.463
609.112,588.879
17.7277,603.76
844.982,382.461
925.386,492.282
162.405,663.282
977.211,420.448
316.737,625.24
672.396,523.698
149.048,709.259
236.955,456.887
496.982,263.677
20.5968,616.505
31.6393,175.772
294.666,630.139
237.673,516.701
569.491,695.982
908.33,451.98
302.316,643.878
114.145,147.553
891.028,647.976
36.9437,390.199
72.5444,403.525
307.641,653.928
257.447,548.372
1067.52,673.38
1060.08,458.456
1052.16,444.212
602.18,694.761
721.588,487.148
247.51,517.162
298.21,669.19
464.684,692.261
500.737,197.329
901.255,608.429
17.6179,430.019
750.654,652.51
374.865,159.488
18.0443,431.432
813.646,626.413
237.915,643.855
16.8061,611.509
319.95,484.691
841.82,276.799
25.4005,613.945
19.1961,534.597
82.524,462.889
122.128,499.94
827.14,230.169
228.353,635.494
451.15,544.739
25.1513,398.867
967.668,549.445
976.022,491.811
681.535,515.588
900.678,332.875
477.517,457.14
627.184,475.538
987.836,353.627
114.145,147.553
1018.52,466.377
62.1095,377.419
65.6955,440.896
240.191,265.818
732.676,689.279
261.07,625.567
875.412,393.609
862.188,626.498
27.4053,596.846
54.4545,633.984
388.421,626.943
178.966,625.83
115.832,378.344
678.708,467.075
196.216,610.862
474.229,626.633
5.82525,627.985
569.491,695.982
24.0007,541.623
734.125,388.357
19.5706,490.997
51.2377,513.093
758.965,642.12
24.9199,553.054
153.058,303.858
233.489,505.777
1004.8,296.62
280.447,658.936
26.5188,471.928
343.273,164.745
989.33,368.307
872.146,629.045
1043.41,347.067
65.3802,680.102
1064.59,608.413
19.4273,463.597
409.489,655.813
90.5301,539.914
44.8231,707.292
44.8231,707.292
1044.04,344.378
180.9,644.002
780.229,590.463
915.998,671.66
1064.04,612.775
23.951,495.969
279.094,679.067
44.9948,415.986
612.941,701.134
193.4,650.98
880.154,628.598
836.549,474.273
1039.88,356.406
1001.32,598.067
1021.22,487.966
217.489,632.784
99.8252,561.926
828.794,296.107
693.06,447.836
6.05814,288.647
1004.69,630.821
6.05814,288.647
887.653,651.904
974.592,656.979
17.6179,430.019
23.3245,331.905
63.9819,194.915
983.956,702.285
17.7917,385.752
443.139,516.181
611.833,549.52
1035.64,621.085
205.712,660.676
558.365,151.574
872.565,469.655
43.0702,204.282
29.2483,500.135
33.2544,515.065
33.2544,515.065
849.838,618.456
8.70956,278.051
266.585,690.072
404.061,603.057
46.0938,686.947
295.303,625.943
409.133,476.019
50.4725,708.304
713.571,130.902
62.0221,364.345
722.942,671.575
117.5,650.096
99.8252,561.926
64.9589,496.71
863.194,640.983
36.459,541.471
20.5688,303.855
914.345,659.009
440.23,701.561
477.088,683.775
14.0637,348.683
347.091,630.496
14.5965,632.691
437.184,555.943
554.249,558.986
197.065,395.006
915.338,666.143
257.447,548.372
902.484,329.176
377.95,687.33
13.8214,287.268
746.328,380.03
437.45,608.35
153.058,303.858
39.0707,546.717
965.266,700.818
197.103,507.591
56.3415,711.646
182.114,478.562
27.5389,410.229
938.305,550.343
574.347,677.915
128.449,213.401
702.504,616.479
91.0767,516.122
57.6502,705.866
412.336,635.417
34.904,483.828
802.162,701.751
938.305,550.343
60.4379,709.174
19.5411,324.13
20.5688,303.855
279.479,335.206
872.146,629.045
20.2786,344.006
20.4614,348.73
938.305,550.343
938.305,550.343
542.629,628.653
1071.94,656.311
813.45,644.926
20.5453,285.87
764.738,248.223
1056.04,284.552
39.015,239.372
16.5748,235.445
16.5748,235.445
62.8054,705.048
12.7618,531.366
240.835,263.336
39.7646,490.454
510.73,684.403
981.779,502.145
191.704,657.667
795.533,529.817
795.533,529.817
191.704,657.667
64.5029,199.023
589.767,558.162
585.173,179.154
480.867,683.465
130.357,607.641
74.4422,638.395
535.334,277.708
65.3802,680.102
33.6833,602.301
222.307,453.098
49.7266,509.061
280.447,658.936
68.8457,708.459
994.527,349.956
57.7116,607.393
93.2013,607.975
270.906,566.189
270.906,566.189
27.2461,438.614
33.6609,392.947
249.149,638.587
908.817,587.191
734.125,388.357
186.927,223.725
49.7266,509.061
144.9,97.2746
481.518,632.404
362.614,537.525
294.819,219.726
730.642,390.024
852.799,705.971
1041.65,432.721
112.51,431.944
31.5671,348.473
431.707,634.986
409.489,655.813
317.561,493.316
838.124,211.413
29.5742,290.303
822.045,546.589
31.5277,243.128
841.512,279.989
839.225,229.031
62.3582,608.034
481.518,632.404
887.351,633.673
49.8508,486.744
27.4057,170.584
1021.41,692.102
181.81,209.416
1071.37,500.114
250.126,681.882
403.865,651.833
57.1111,540.325
724.69,530.907
231.655,546.915
275.394,554.701
1057.88,700.029
118.372,659.435
847.208,481.72
392.926,625.274
53.2349,491.11
64.1479,599.067
819.237,277.186
963.136,492.958
118.372,659.435
197.103,507.591
56.7451,511.99
819.83,266.333
34.6147,375.66
37.2718,341.117
975.67,704.634
529.438,683.038
1024.92,434.373
182.081,392.863
67.2186,608.141
273.136,664.617
999.449,474.085
675.224,485.083
36.7758,293.496
819.237,277.186
781.3,377.215
309.874,640.911
759.244,669.414
512.734,594.906
242.116,422.283
9.55247,589.441
25.1513,398.867
597.837,592.341
1015.85,681.826
147.797,475.576
635.634,617.398
38.0239,283.129
440.959,497.382
330.494,499.241
61.63,519.272
29.351,635.416
943.559,516.267
61.3741,506.847
522.832,274.728
204.32,337.32
40.5716,297.281
252.305,592.606
840.027,333.257
843.397,353.871
58.5632,488.589
73.6285,634.822
65.6171,556.081
64.773,523.957
77.9393,662.007
724.324,715.185
66.7989,537.897
66.7989,537.897
711.046,413.018
197.103,507.591
741.099,234.034
252.305,592.606
302.955,427.049
713.571,130.902
446.372,265.683
973.533,453.031
988.898,482.127
44.8665,297.296
988.898,482.127
62.0502,488.929
9.3215,316.556
143.201,385.901
80.2174,647.063
918.192,687.526
291.112,510.675
831.637,570.769
296.994,599.056
345.519,511.353
43.0702,204.282
237.012,707.451
347.091,630.496
383.046,690.079
467.473,584.636
693.405,508.086
813.318,91.8204
387.162,186.346
65.4387,489.919
11.4915,345.594
768.958,707.939
61.654,352.33
530.378,656.725
707.173,411.237
67.3519,493.917
67.3519,493.917
53.2349,491.11
515.699,326.847
948.075,513.468
55.2684,318.897
67.1056,477.371
666.963,343.742
468.937,315.415
283.623,404.384
737.043,495.348
1032.56,511.993
803.218,418.337
156.017,497.842
908.33,451.98
230.259,470.661
50.5737,279.472
50.5737,279.472
543.294,624.119
963.496,460.682
759.085,231.69
626.785,526.603
55.0711,356.176
55.0711,356.176
100.497,417.934
698.587,585.926
110.553,361.167
65.6955,440.896
134.524,380.623
815.443,216.518
863.325,374.117
872.159,373.878
380.082,604.102
63.881,392.35
358.139,550.417
698.983,590.977
366.057,679.3
593.09,620.345
134.895,650.378
853.05,334.24
283.373,141.581
915.999,701.918
71.1542,455.391
773.234,114.494
89.2827,629.88
71.0791,449.588
78.9837,512.927
78.9837,512.927
81.9057,541.66
62.0221,364.345
503.05,546.928
156.547,645.4
72.8209,463.044
859.88,603.248
951.295,373.091
528.993,644.266
700.828,434.849
506.407,494.954
769.018,654.029
76.4798,485.516
14.4605,116.794
255.767,289.077
370.562,653.164
492,627.276
93.8103,634.851
712.737,550.75
421.025,660.881
752.08,636.591
839.225,229.031
825.833,476.23
75.8651,456.511
556.179,530.125
94.858,636.29
87.6514,574.421
998.053,581.455
52.0374,196.722
72.0061,412.511
215.053,468.911
186.927,223.725
808.605,280.074
86.8689,547.093
758.302,514.438
254.921,286.37
671.427,595.218
50.3169,347.349
963.136,492.958
67.3519,493.917
747.378,242.219
461.493,703.143
235.64,606.209
80.1291,458.67
503.05,546.928
1041.82,291.358
179.728,394.297
97.1409,615.075
1066.69,287.046
740.026,630.563
908.68,341.494
38.0349,320.019
35.8432,332.704
908.645,372.92
435.744,493.647
84.8183,481.124
259.441,537.444
72.5523,360.799
583.45,515.974
84.4068,469.559
84.4068,469.559
156.157,687.713
1014.45,285.574
290.657,339.464
867.997,588.1
1052.16,444.212
657.932,292.199
17.2732,358.213
835.058,611.355
330.494,499.241
153.058,303.858
91.0767,516.122
93.5833,509.431
570.607,698.917
1016.35,581.208
554.473,490.531
657.983,118.003
537.605,505.256
64.238,228.565
430.756,661.929
82.1716,402.929
82.1716,402.929
941.914,656.965
179.728,394.297
99.0797,636.118
673.96,519.386
90.8391,371.925
537.605,505.256
585.084,653.044
74.2318,557.536
90.5911,493.651
90.3284,483.177
338.874,605.075
953.059,585.18
844.982,382.461
75.4934,319.305
104.086,604.392
83.5432,391.797
83.5432,391.797
421.025,660.881
728.398,683.102
27.6266,655.602
888.363,510.338
35.8579,490.091
12.7618,531.366
497.475,627.474
64.5029,199.023
1027.58,476.802
242.017,705.532
279.479,335.206
90.5992,465.539
23.951,495.969
63.3722,187.677
430.291,713.024
197.103,507.591
197.103,507.591
577.051,549.15
461.545,620.347
108.239,614.014
91.6087,443.574
412.785,603.597
931.601,478.229
46.4554,621.844
113.217,645.803
888.363,510.338
270.906,566.189
270.906,566.189
109.083,604.241
896.871,595.927
687.037,669.946
72.1051,215.202
1041.82,291.358
1041.82,291.358
316.926,660.254
73.5948,221.87
291.112,510.675
247.974,686.227
780.078,364.573
943.009,568.419
44.1312,340.45
98.9799,494.959
156.017,497.842
90.3027,383.504
87.3624,362.112
107.16,166.649
949.192,518.376
83.6721,617.171
974.211,306.766
106.641,700.033
735.532,538.96
18.5873,514.978
101.371,154.858
90.8391,371.925
558.916,559.348
657.08,503.145
1064.61,451.547
25.1513,398.867
114.242,608.601
167.23,436.559
711.955,605.101
130.357,607.641
41.9244,184.495
77.4343,215.777
179.945,702.932
106.14,548.814
76.3704,195.341
100.647,455.562
91.8331,363.506
90.9309,335.926
862.188,626.498
532.526,533.246
779.915,671.135
398.462,609.837
108.085,514.581
259.422,670.194
796.121,234.472
299.5,145.936
826.034,656.187
716.161,478.105
811.071,183.318
110.488,497.095
938.305,550.343
796.121,234.472
280.447,658.936
18.5873,514.978
103.495,445.128
1042.67,701.041
94.1492,339.117
427.722,612.606
82.9897,216.393
945.957,454.307
108.282,493.437
704.543,614.638
93.8103,634.851
96.8021,354.269
89.5515,599.841
943.009,568.419
333.981,685.434
908.645,372.92
298.21,669.19
853.443,307.206
885.854,538.971
109.33,398.477
99.1963,345.927
18.2761,352.132
245.652,643.761
940.518,490.942
712.428,669.774
931.863,424.721
78.9837,512.927
947.57,714.667
107.266,421.645
243.821,559.086
114.351,508.513
750.794,526.964
285.658,333.702
114.608,490.367
283.516,657.155
126.309,352.395
755.808,545.044
88.0661,200.742
936.662,625.916
241.139,671.685
99.1963,345.927
114.607,478.85
399.193,603.841
128.005,603.315
130.126,550.647
863.784,366.076
112.51,431.944
109.33,398.477
370.386,530.914
761.588,521.308
44.8665,297.296
130.357,607.641
117.427,483.087
64.5029,199.023
170.23,503.481
114.215,438.741
894.696,509.775
116.591,470.036
10.6076,508.355
115.161,448.097
25.4005,613.945
194.751,469.549
357.612,675.805
662.53,288.256
148.747,597.619
64.7205,419.595
121.141,498.637
1004.69,630.821
78.7074,428.379
123.825,510.046
302.955,427.049
122.128,499.94
49.7266,509.061
199.302,706.416
106.558,352.439
1044.04,344.378
94.6005,155.172
123.114,489.272
356.155,518.562
118.515,444.505
768.958,707.939
800.237,378.463
50.3169,347.349
121.222,479.352
1066.33,534.364
109.33,398.477
97.243,203.795
1066.62,529.429
387.825,626.953
27.2464,617.361
1057.69,318.09
773.968,440.372
1020.55,504.01
690.314,569.466
126.668,501.549
141.57,678.271
558.916,559.348
115.832,378.344
924.891,690.195
122.125,443.886
115.832,378.344
145.159,690.193
1063.39,703.982
409.133,476.019
409.133,476.019
492.491,156.898
637.218,505.397
252.305,592.606
149.048,709.259
279.094,679.067
362.614,537.525
131.194,510.134
187.715,683.674
36.459,541.471
131.039,500.841
128.572,475.047
109.33,398.477
126.093,440.028
126.093,440.028
130.715,484.089
926.957,330.105
133.522,504.491
905.135,513.507
975.67,704.634
503.05,546.928
804.678,608.14
158.094,596.083
131.872,487.895
280.672,222.475
214.718,600.966
137.381,535.836
148.347,657.163
144.19,610.396
137.381,535.836
137.381,535.836
672,487.9
119.712,344.57
304.558,299.612
861.007,521.442
861.007,521.442
147.952,638.138
147.952,638.138
281.136,669.182
806.115,440.35
99.8252,561.926
131.877,469.874
928.161,363.938
355.948,464.566
152.331,676.8
304.558,299.612
314.143,665.174
881.059,490.389
872.038,708.946
430.14,682.391
17.1211,671.747
130.357,607.641
101.371,154.858
142.211,547.097
213.571,259.024
951.295,373.091
516.133,621.862
170.23,503.481
156.157,687.713
67.1283,211.974
151.227,625.744
134.143,441.96
136.84,468.097
44.8231,707.292
281.321,151.415
308.669,150.37
12.4439,406.336
139.894,476.34
139.894,476.34
580.76,230.836
965.524,446.005
89.2827,629.88
498.93,692.289
779.915,671.135
154.949,605.222
1000.81,497.16
810.828,631.897
156.547,645.4
156.547,645.4
131.192,367.099
791.469,327.639
390.223,685.879
907.32,645.861
146.532,527.667
255.34,545.594
130.271,342.381
275.394,554.701
494.103,265.955
27.6266,655.602
369.21,491.081
148.768,548.83
902.562,640.336
867.414,79.1377
284.349,210.9
763.223,647.155
141.769,454.825
983.956,702.285
567.086,322.251
110.553,361.167
867.414,79.1377
808.646,382.723
977.211,420.448
18.2761,352.132
1004.71,623.506
6.92042,710.227
159.848,618.566
159.848,618.566
251.033,285.015
162.668,650.069
372.331,691.074
888.459,418.509
158.094,596.083
667.701,541.378
148.909,495.061
969.545,460.501
162.841,638.662
1047.54,344.49
712.428,669.774
130.714,281.046
168.152,678.854
158.614,373.855
169.293,688.026
169.293,688.026
139.331,378.087
107.16,166.649
327.693,445.162
811.281,215.118
307.107,132.773
139.069,350.708
139.069,350.708
474.86,620.889
577.051,549.15
235.272,494.576
662.309,702.042
99.8252,561.926
469.44,605.132
410.832,628.531
902.089,446.427
166.162,615.342
356.443,457.433
247.51,517.162
165.935,607.921
140.025,337.31
128.449,213.401
128.449,213.401
348.926,538.865
159.473,537.651
684.412,647.422
43.0702,204.282
312.324,603.98
162.903,556.841
826.034,656.187
75.5363,327.579
281.321,151.415
702.448,500.562
766.193,685.073
826.034,656.187
805.767,605.443
624.431,307.066
192.529,674.603
497.475,627.474
156.017,497.842
461.427,489.788
147.852,382.561
147.852,382.561
186.498,698.934
745.553,626.867
541.074,272.836
842.667,408.802
738.622,258.947
875.412,393.609
719.433,261.491
129.895,650.043
177.558,680.059
215.687,517.001
281.136,669.182
147.571,362.442
132.12,644.552
171.807,596.334
505.839,630.964
759.451,250.605
515.494,323.489
148.347,657.163
1073.2,464.538
827.55,567.509
159.473,537.651
1057.94,260.711
179.084,683.284
432.466,644.315
133.902,408.693
275.394,554.701
746.306,504.598
151.265,378.071
754.426,204.47
153.058,303.858
452.761,487.787
20.5688,303.855
227.772,484.916
548.056,281.139
918.192,687.526
151.629,358.073
212.181,624.031
137.273,199.882
530.964,278.616
249.979,293.53
681.481,604.19
454.89,264.332
281.321,151.415
613.504,492.678
837.577,604.011
700.317,594.672
450.69,617.779
163.889,504.446
726.939,703.882
108.085,514.581
173.603,557.103
611.784,653.955
449.104,659.424
1010.66,445.192
44.8231,707.292
645.247,595.499
806.115,440.35
496.912,620.82
231.732,543.078
278.911,322.722
971.162,331.748
1021.41,692.102
184.117,693.812
142.04,213.337
164.113,444.41
493.478,561.388
943.009,568.419
173.284,533.814
712.737,550.75
505.839,630.964
87.8011,517.282
791.685,388.803
163.394,432.829
270.906,566.189
943.009,568.419
142.782,208.872
745.197,480.43
92.0705,614.35
347.091,630.496
90.5301,539.914
704.16,641.215
930.051,456.748
72.1051,215.202
255.445,559.461
678.494,109.411
19.4273,463.597
237.915,643.855
304.952,347.102
1072.57,288.628
683.204,676.904
188.43,663.147
748.357,530.417
885.313,461.505
191.604,709.735
61.654,352.33
827.55,567.509
390.477,489.447
184.378,620.492
186.55,645.477
387.162,186.346
800.691,211.552
945.957,454.307
161.792,380.529
700.317,594.672
340.998,264.558
36.7758,293.496
284.35,471.386
217.797,547.344
829.515,257.748
500.382,174.673
722.303,498.52
498.03,632.592
205.712,660.676
154.949,605.222
186.366,629.705
186.927,223.725
296.994,599.056
983.956,702.285
427.575,266.345
759.451,250.605
768.958,707.939
293.241,323.139
930.051,456.748
609.364,607.033
191.704,657.667
167.687,427.029
90.9617,486.444
16.6096,663.137
831.637,570.769
237.012,707.451
166.827,378.508
156.547,645.4
647.003,617.607
796.532,507.847
746.328,380.03
186.927,223.725
193.4,650.98
393.527,543.299
252.012,558.041
1056.43,464.56
923.394,667.468
252.305,592.606
680.331,626.1
176.643,475.69
309.688,468.449
826.185,590.932
7.86646,476.097
33.6833,602.301
199.935,709.801
199.935,709.801
420.636,614.081
262.898,603.492
167.954,361.775
176.92,520.45
64.5029,199.023
194.379,639.98
217.489,632.784
183.125,513.63
302.955,427.049
356.443,457.433
812.643,591.63
505.839,630.964
702.504,616.479
841.512,279.989
841.512,279.989
443.139,516.181
377.95,687.33
702.504,616.479
184.485,548.619
184.485,548.619
185.063,533.909
288.907,503.933
197.525,651.136
1008.41,473.906
813.646,626.413
77.7461,603.095
181.086,491.646
286.049,554.785
437.684,213.935
437.184,555.943
742.152,702.451
1049.03,430.476
242.2,444.437
198.928,634.544
529.438,683.038
182.114,478.562
726.805,472.32
258.956,699.688
621.068,354.649
379.762,356.214
412.195,713.192
1051.58,700.684
369.21,491.081
943.191,507.864
421.565,601.942
179.004,411.194
179.004,411.194
201.371,614.666
179.728,394.297
207.553,696.2
294.329,344.506
52.2107,593.5
182.977,418.59
243.048,570.03
194.665,541.185
181.064,401.242
390.477,489.447
986.917,540.05
940.184,415.828
204.525,587.703
772.414,490.458
938.305,550.343
67.1283,211.974
205.192,606.639
199.833,541.107
184.485,548.619
98.9799,494.959
722.942,671.575
37.2718,341.117
273.165,182.874
371.622,632.527
481.518,632.404
1073.2,464.538
194.751,469.549
192.013,444.284
436.401,543.45
64.5029,199.023
184.485,548.619
184.485,548.619
184.485,548.619
999.818,272.183
676.456,493.057
188.871,398.795
190.437,413.526
605.37,129.529
171.834,670.536
99.8252,561.926
511.964,639.758
186.927,223.725
401.526,589.928
1036.34,673.71
976.022,491.811
611.784,653.955
156.157,687.713
982.446,471.988
853.837,349.756
348.681,163.016
852.018,664.571
235.272,494.576
321.143,416.752
495.929,597.869
1041.7,621.886
827.244,340.624
77.9393,662.007
193.475,402.113
1067.17,441.725
788.359,448.764
138.405,472.971
213.134,596.397
8.35954,159.552
669.35,435.345
959.992,566.914
450.69,617.779
81.3202,640.08
813.637,474.737
196.478,406.282
975.67,704.634
1041.82,464.608
706.211,428.162
519.852,683.068
705.684,481.139
266.585,690.072
225.723,705.303
707.173,411.237
7.84864,159.724
657.525,501.463
71.7462,325.804
500.737,197.329
223.563,555.75
670.276,672.735
219.678,606.239
199.185,402.816
922.97,603.476
726.573,493.88
210.252,517.352
266.423,427.37
8.35954,159.552
245.391,457.857
975.67,704.634
231.655,546.915
915.998,671.66
758.529,387.915
283.516,657.155
681.963,649.14
1033.7,508.428
1047.87,354.695
857.097,366.896
212.078,501.813
212.078,501.813
360.172,492.952
461.493,703.143
353.835,467.957
343.273,164.745
186.927,223.725
24.4577,661.304
680.157,685.102
529.438,683.038
215.687,517.001
215.687,517.001
639.684,294.391
480.307,493.941
603.875,625.108
722.826,639.455
574.347,677.915
314.143,665.174
208.638,414.81
237.012,707.451
577.281,486.339
171.834,670.536
857.097,366.896
540.946,612.766
169.293,688.026
667.733,522.887
166.827,378.508
963.496,460.682
99.8252,561.926
934.883,283.736
754.426,232.261
75.5363,327.579
908.817,587.191
781.402,246.148
771.68,242.911
212.943,449.307
2.29338,487.404
838.721,440.841
833.915,602.134
218.251,479.627
230.328,499.58
322.36,500.506
799.068,238.098
733.515,644.5
678.403,538.593
326.849,603.887
215.374,250.547
196.255,238.649
196.255,238.649
515.699,326.847
1063.39,703.982
809.889,598.929
1044.8,246.056
842.545,265.101
584.695,284.536
876.22,626.15
693.06,447.836
233.429,553.871
226.729,542.609
807.151,460.825
147.952,638.138
671.11,654.072
672,487.9
978.341,544.153
739.076,218.317
286.672,474.776
101.371,154.858
973.054,339.326
115.009,161.198
893.544,619.983
186.55,645.477
235.64,606.209
64.7205,419.595
983.109,473.216
450.325,591.929
199.935,709.801
769.018,654.029
222.307,453.098
347.091,630.496
654.555,661.058
231.732,543.078
153.507,661.136
934.294,462.189
238.043,625.371
227.772,484.916
225.966,456.78
1028.62,580.761
223.743,443.699
223.743,443.699
307.232,500.08
11.4915,345.594
871.134,347.407
722.826,639.455
406,685.168
260.61,131.748
77.0014,332.386
290.961,451.212
438.381,535.563
404.785,566.511
773.234,114.494
906.079,220.404
975.67,704.634
212.487,640.775
247.974,686.227
222.89,416.216
222.89,416.216
774.55,645.917
443.139,516.181
234.237,536.448
695.46,692.484
112.88,654.672
978.595,660.464
1014.45,285.574
229.491,428.886
271.38,626.444
648.647,509.123
34.904,483.828
291.003,297.446
209.597,258.656
210.042,255.06
207.282,391.582
837.373,407.965
956.153,346.923
674.837,442.466
674.837,442.466
1021.41,692.102
763.223,647.155
249.149,638.587
25.2417,683.402
250.126,681.882
224.66,408.134
50.5737,279.472
819.572,470.274
800.364,429.932
838.721,440.841
438.612,538.485
243.048,570.03
443.139,516.181
90.8694,395.868
229.491,428.886
67.3519,493.917
229.491,428.886
853.941,280.576
280.447,658.936
1022.46,480.96
1042.26,351.673
486.027,244.622
947.57,714.667
17.6179,430.019
842.465,701.585
228.235,403.349
456.339,679.549
359.469,687.622
1041.31,334.135
577.281,486.339
701.053,482.086
690.314,569.466
484.511,627.533
259.848,645.428
215.374,250.547
249.149,638.587
250.92,703.497
602.64,648.503
259.59,696.4
850.272,690.21
989.33,368.307
238.33,470.683
236.955,456.887
15.9183,254.432
21.9073,210.624
252.155,532.486
297.974,612.193
674.144,672.497
120.838,351.792
1021.53,338.746
258.849,597.164
256.295,658.278
335.677,533.319
247.079,522.272
835.888,524.042
828.065,364.409
385.48,686.146
995.586,536.78
880.931,483.387
533.927,270.043
344.599,485.176
984.122,630.842
43.0702,204.282
799.636,513.006
259.892,665.044
753.576,225.891
115.009,161.198
718.172,374.32
791.685,388.803
711.372,353.411
290.657,339.464
242.507,463.077
242.507,463.077
491.443,447.592
491.443,447.592
270.906,566.189
25.1513,398.867
238.432,412.494
893.544,619.983
1025.74,467.76
774.55,645.917
774.55,645.917
734.125,388.357
497.475,627.474
163.394,432.829
309.688,468.449
255.445,559.461
698.347,585.302
451.585,277.662
1023.73,355.59
243.539,439.591
860.364,589.046
255.445,559.461
27.4053,596.846
258.849,597.164
543.148,453.711
12.968,320.12
118.372,659.435
39.2417,472.48
82.5892,664.46
203.403,537.282
37.2718,341.117
38.0349,320.019
594.999,660.119
244.096,412.984
186.927,223.725
746.328,380.03
879.31,589.784
199.935,709.801
702.448,500.562
256.98,538.616
1064.61,451.547
722.942,671.575
1035.64,621.085
218.09,466.886
151.265,378.071
1030.2,612.107
44.1312,340.45
255.445,559.461
863.047,450.603
680.331,626.1
252.305,592.606
257.033,534.46
707.825,549.426
707.825,549.426
73.6285,634.822
255.445,559.461
621.068,354.649
117.427,483.087
307.469,245.733
270.341,637.892
303.987,188.138
484.511,627.533
252.168,449.041
892.973,617.174
705.598,595.868
870.932,544.04
251.497,426.323
763.223,647.155
809.359,701.904
262.578,533.896
240.301,291.565
271.38,626.444
727.354,227.535
215.374,250.547
299.671,166.13
179.945,702.932
274.012,640.47
81.3202,640.08
709.811,632.12
640.111,553.905
615.003,657.748
240.191,265.818
240.191,265.818
998.053,581.455
240.835,263.336
279.094,679.067
278.073,665.085
218.09,466.886
5.59106,128.344
270.906,566.189
270.906,566.189
55.9116,689.226
281.136,669.182
275.302,599.894
741.381,627.101
991.338,465.815
114.215,438.741
279.87,649.707
603.875,625.108
284.349,210.9
602.367,617.838
242.507,463.077
44.8231,707.292
732.753,397.564
395.146,492.792
60.1768,223.149
412.785,603.597
286.393,682.12
547.366,616.574
319.666,199.639
251.428,289.649
101.371,154.858
1058.14,445.095
188.871,398.795
803.218,418.337
554.781,269.329
23.951,495.969
55.0711,356.176
805.068,385.088
978.595,660.464
1031.62,618.118
505.839,630.964
592.164,275.23
254.921,286.37
56.2799,368.638
1041.7,621.886
286.447,632.753
856.619,354.122
37.2718,341.117
37.2718,341.117
541.074,272.836
291.973,623.286
497.475,627.474
299.5,145.936
496.912,620.82
942.478,664.7
254.696,130.2
348.681,163.016
33.6833,602.301
292.716,664.753
290.068,631.257
236.72,289.734
745.197,480.43
730.642,390.024
448.78,666.514
286.049,554.785
1066.33,534.364
283.698,340.979
297.912,687.183
406.918,501.196
402.12,711.403
437.45,608.35
230.259,470.661
103.495,445.128
414.616,171.368
1031.62,618.118
264.417,290.897
264.417,290.897
299.867,678.579
914.684,638.012
172.522,392.166
284.126,501.152
9.3215,316.556
290.287,550.939
456.234,592.939
79.0022,463.944
46.4625,594.166
709.811,632.12
1041.62,608.685
423.994,677.708
297.974,612.193
215.374,250.547
746.328,380.03
813.635,357.577
566.361,520.835
766.193,685.073
554.249,558.986
673.734,689.386
719.545,503.115
394.549,564.27
294.09,555.496
666.963,343.742
285.513,453.51
268.287,524.28
932.845,668.88
76.6471,323.878
288.651,695.096
1040.3,499.347
291.112,510.675
961.058,456.207
286.669,442.143
304.096,624.826
383.046,690.079
216.875,422.686
941.562,337.411
832.545,438.885
705.662,587.753
1028.62,580.761
35.8432,332.704
687.28,308.457
278.893,330.75
1035.17,665.161
726.94,246.697
594.999,660.119
279.479,335.206
114.87,552.44
290.961,451.212
278.911,322.722
55.0711,356.176
579.19,270.796
362.614,537.525
848.976,295.703
848.976,295.703
484.511,627.533
352.391,163.569
231.543,562.723
631.488,678.161
747.378,242.219
1011.39,581.103
635.634,617.398
121.44,463.8
314.713,673.2
162.894,486.271
293.219,440.158
231.095,509.512
294.665,449.222
294.665,449.222
164.113,444.41
693.105,548.535
17.3348,473.704
1016.83,278.09
1016.83,278.09
298.754,489.297
490.137,270.912
285.658,333.702
609.328,471.812
215.687,517.001
296.816,464.038
212.943,449.307
285.658,333.702
893.718,483.066
286.025,330.438
843.684,476.305
674.837,442.466
273.165,182.874
295.787,422.106
386.118,682.905
867.414,79.1377
844.982,382.461
815.536,453.732
544.822,491.574
285.953,317.083
132.918,480.96
394.549,564.27
86.0428,441.525
754.464,484.648
217.516,464.554
218.09,466.886
895.082,608.953
286.824,312.272
813.635,670.501
286.752,302.992
286.752,302.992
289.356,330.376
188.43,663.147
289.763,541.369
290.99,347.336
288.899,322.513
752.963,396.19
290.657,339.464
820.47,646.208
33.6833,602.301
264.417,290.897
471.46,636.216
304.343,478.116
318.014,619.6
318.014,619.6
997.666,531.573
713.236,687.254
77.5398,452.959
307.232,500.08
290.026,306.939
363.855,444.196
348.681,163.016
33.6833,602.301
291.475,315.008
989.33,368.307
953.355,370.573
294.329,344.506
779.334,253.591
293.201,327.968
293.201,327.968
293.201,327.968
302.955,427.049
426.111,498.398
199.935,709.801
465.53,268.398
284.349,210.9
722.455,541.219
319.811,593.457
280.916,654.554
297.686,348.064
297.602,342.798
628.871,499.286
283.698,340.979
296.134,318.652
298.067,335.078
962.919,583.262
300.122,353.358
567.311,279.384
419.426,630.168
662.798,595.118
804.678,608.14
1057.94,260.711
285.592,189.703
308.753,441.5
780.078,364.573
896.82,621.592
237.974,405.578
743.494,454.655
300.746,331.205
300.746,331.205
707.825,549.426
326.849,603.887
965.103,396.668
1067.52,673.38
315.175,501.283
37.5918,429.087
304.952,347.102
827.14,230.169
182.977,418.59
433.141,540.559
1035.04,372.397
567.311,279.384
290.068,631.257
913.41,680.923
316.697,476.731
665.923,673.62
556.893,241.658
466.246,242.128
330.374,544.513
316.693,471.718
899.056,623.358
738.154,504.082
31.5277,243.128
52.2265,330.514
848.68,262.987
306.802,338.972
43.0702,204.282
414.749,186.664
671.599,589.809
46.0938,686.947
308.965,350.049
831.865,358.37
308.056,335.984
319.811,593.457
335.461,625.759
674.273,594.514
336.974,453.596
755.924,229.422
312.876,356.65
279.26,603.859
1045.5,617.756
312.542,345.823
312.542,345.823
1073.2,464.538
194.751,469.549
319.976,419.837
570.607,698.917
266.423,427.37
338.951,615.894
321.143,416.752
439.048,480.492
847.811,337.606
14.2578,609.712
505.839,630.964
995.586,536.78
338.874,605.075
316.235,347.363
316.862,344.157
316.862,344.157
247.974,686.227
159.848,618.566
316.649,337.964
909.329,507.11
543.474,148.294
303.987,188.138
271.101,424.961
43.0702,204.282
247.974,686.227
930.371,528.285
861.493,544.165
832.818,266.075
750.387,698.676
286.447,632.753
393.527,543.299
318.309,332.994
794.54,653.32
650.65,171.096
342.622,596.823
454.991,653.651
909.978,636.184
348.38,660.421
694.409,416.84
319.597,329.578
430.756,661.929
875.412,393.609
1038.25,328.449
23.3245,331.905
939.759,484.011
952.37,320.4
322.648,349.066
758.183,243.799
322.622,343.711
129.887,611.346
129.887,611.346
371.622,632.527
129.887,611.346
109.33,398.477
482.438,570.437
26.6566,323.4
296.994,599.056
324.508,339.411
906.079,220.404
761.588,521.308
577.86,140.283
492.491,156.898
135.84,373.937
338.573,473.402
1043.8,684.745
60.4379,709.174
922.97,603.476
350.94,636.505
1004.69,630.821
89.2827,629.88
908.427,630.905
716.869,709.115
170.973,515.956
752.519,686.94
450.325,591.929
328.395,338.004
419.426,630.168
281.136,669.182
464.684,692.261
406.6,615.066
36.9437,390.199
493.478,561.388
746.328,380.03
857.161,79.1098
406.6,615.066
456.86,488.695
609.566,673.129
1000.27,685.457
837.577,604.011
967.795,658.62
343.553,471.553
144.19,610.396
247.974,686.227
424.391,700.477
283.717,602.046
426.111,498.398
319.666,199.639
203.403,537.282
347.91,488.985
296.994,599.056
347.859,481.574
346.966,476.563
340.998,264.558
359.012,467.027
366.925,688.922
797.4,517.664
352.639,522.584
357.044,525.798
362.231,612.145
369.01,705.511
924.891,690.195
352.259,498.175
351.663,491.418
351.663,491.418
906.608,641.966
842.069,251.294
741.099,234.034
566.193,515.257
1042.26,351.673
986.917,540.05
556.459,539.565
906.079,220.404
896.903,246.881
169.787,646.06
259.441,537.444
741.407,297.998
358.139,550.417
87.7086,448.005
359.136,567.041
741.099,234.034
91.6833,647.428
921.336,383.221
39.015,239.372
825.833,476.23
533.927,270.043
372.331,691.074
382.793,607.674
308.669,150.37
108.085,514.581
851.944,346.122
186.927,223.725
838.124,211.413
673.734,689.386
125.136,260.364
467.694,478.554
498.03,632.592
112.88,654.672
777.661,214.949
616.51,539.292
5.59106,128.344
822.443,543.537
153.507,661.136
854.822,384.412
370.562,653.164
356.152,476.249
1048.37,466.592
145.972,553.514
994.527,349.956
363.116,532.601
372.278,656.231
340.998,264.558
375.51,682.006
1029.7,483.344
393.527,543.299
496.438,654.094
371.622,632.527
451.369,534
451.369,534
364.147,525.657
234.237,536.448
851.155,396.973
377.95,687.33
610.966,669.391
359.012,467.027
160.446,385.776
480.313,590.155
543.381,515.141
644.119,692.306
91.2829,666.821
52.0374,196.722
1064.61,451.547
26.1908,301.45
876.22,626.15
270.906,566.189
383.046,690.079
372.055,550.914
820.441,329.435
831.637,570.769
136.817,513.233
301.914,458.104
983.432,665.793
609.566,673.129
374.865,159.488
97.1409,615.075
240.835,263.336
384.151,670.35
354.823,326.59
969.493,620.187
22.9925,349.418
872.082,708.752
332.592,211.276
867.414,79.1377
531.067,563.111
348.681,163.016
252.1,658.656
448.78,666.514
404.785,566.511
404.785,566.511
558.916,559.348
865.874,688.75
260.017,122.609
391.218,706.873
865.138,487.398
1035.04,372.397
116.83,478.843
14.4605,116.794
718.986,514.298
416.505,605.027
46.0938,686.947
636.46,520.484
128.449,213.401
212.943,449.307
865.091,483.479
391.147,658.722
828.451,687.392
721.434,600.5
908.427,630.905
914.359,62.7554
383.187,551.732
1027.28,299.09
806.115,440.35
592.622,696.914
5.59106,128.344
109.083,604.241
781.3,377.215
52.0374,196.722
146.723,180.067
99.8252,561.926
734.069,426.625
352.391,163.569
399.193,603.841
896.871,595.927
31.5277,243.128
1011.95,229.964
167.23,436.559
702.431,663.214
678.708,467.075
519.514,659.952
841.512,279.989
1040.3,499.347
417.261,680.057
363.855,444.196
1071.94,656.311
217.797,547.344
715.637,225.611
105.159,651.224
704.416,650.058
163.889,504.446
274.116,502.868
39.4989,332.901
572.976,284.85
456.86,488.695
722.416,308.025
373.975,316.247
245.136,596.61
18.3234,398.358
474.229,626.633
947.295,518.471
403.865,651.833
403.865,651.833
769.018,654.029
403.949,640.532
403.615,689.252
51.8669,696.538
343.273,164.745
979.778,334.669
832.235,318.575
966.047,591.44
254.921,286.37
123.825,510.046
11.5019,229.952
537.546,273.137
781.92,276.441
409.489,655.813
409.489,655.813
1031.85,258.005
18.0443,431.432
781.3,377.215
55.9116,689.226
257.646,634.354
88.5954,496.293
556.459,539.565
279.174,700.239
406.6,615.066
492,627.276
395.617,481.589
469.648,676.544
67.2186,608.141
668.464,247.533
201.371,614.666
363.116,532.601
73.9241,688.877
404.785,566.511
404.785,566.511
437.184,555.943
405.516,554.732
543.584,551.33
610.032,620.743
872.159,373.878
655.297,134.032
926.86,584.355
669.599,689.463
391.147,658.722
109.083,604.241
459.595,626.349
838.315,678.478
197.525,651.136
281.136,669.182
84.8898,445.911
469.648,676.544
673.186,705.793
227.8,648.076
1004.69,630.821
418.161,667.692
222.307,453.098
412.785,603.597
703.265,633.304
703.265,633.304
667.406,653.906
418.161,667.692
398.646,440.869
678.708,467.075
419.426,630.168
118.515,444.505
235.64,606.209
537.546,273.137
437.684,213.935
409.133,476.019
827.244,340.624
416.505,605.027
486.58,604.967
431.943,257.694
687.731,595.839
613.176,620.6
893.718,483.066
997.666,531.573
421.025,660.881
455.641,544.601
115.279,544.483
421.34,649.456
423.994,677.708
412.336,635.417
998.053,581.455
794.265,607.709
307.469,245.733
264.417,290.897
43.3852,424.448
409.133,476.019
147.852,382.561
730.642,390.024
698.347,585.302
1066.89,580.068
1066.89,580.068
1033.23,661.497
1028.3,338.835
698.983,590.977
421.565,601.942
26.1908,301.45
390.535,498.977
319.811,593.457
622.271,527.135
456.234,592.939
558.365,151.574
14.3233,127.847
754.278,246.668
28.0545,372.316
922.97,603.476
922.97,603.476
645.284,273.15
217.243,646.189
657.983,118.003
813.318,91.8204
421.226,563.618
721.644,408.036
427.1,641.023
695.664,526.206
458.658,706.956
97.243,203.795
76.6687,630.483
946.716,608.621
770.311,174.599
170.973,515.956
1058.14,445.095
711.046,413.018
657.983,118.003
687.731,595.839
882.277,703.189
943.009,568.419
258.956,699.688
247.51,517.162
164.113,444.41
90.9617,486.444
899.974,466.744
109.217,455.39
837.577,604.011
761.588,521.308
271.54,626.689
942.478,664.7
356.148,492.478
944.386,655.747
308.133,507.977
913.107,544.457
434.777,656.566
443.988,706.048
469.504,658.027
450.984,663.862
440.23,701.561
494.576,295.92
438.843,639.279
31.5277,243.128
750.817,586.068
359.136,567.041
289.512,120.45
431.579,561.107
435.442,512.795
421.647,222.899
425.079,485.475
724.69,530.907
848.949,298.383
22.9925,349.418
707.877,615.288
648.647,509.123
839.788,299.236
437.16,284.428
410.191,299.704
433.907,547.22
704.416,650.058
1049.85,630.911
610.966,669.391
167.442,552.071
437.845,620.944
7.86646,476.097
23.7051,338.6
293.201,327.968
548.471,268.312
433.141,540.559
1050.38,639.677
823.352,258.262
204.525,587.703
554.473,490.531
947.387,670.716
985.051,346.568
797.4,517.664
548.056,281.139
829.861,606.264
976.029,270.574
456.339,679.549
390.518,630.45
123.825,510.046
293.57,330.437
722.351,483.895
449.081,699.54
1021.41,692.102
515.494,323.489
285.513,453.51
1007.12,664.064
55.2684,318.897
456.838,697.933
251.497,426.323
451.144,694.451
417.125,302.45
448.78,666.514
998.797,527.754
707.825,549.426
449.104,659.424
251.86,635.348
105.585,490.339
435.744,493.647
450.48,677.678
648.318,621.094
680.157,685.102
88.1902,394.422
7.84864,159.724
467.473,584.636
93.6142,209.096
763.223,647.155
1046.11,247.159
330.056,617.459
409.489,655.813
590.633,631.118
830.16,457.873
569.391,226.629
781.855,249.111
27.2464,617.361
888.363,510.338
90.3027,383.504
63.3722,187.677
446.962,597.889
3.53956,356.417
294.465,653.095
305.061,450.327
715.235,627.472
818.131,591.903
739.981,469.357
797.4,517.664
411.804,580.746
511.964,639.758
846.192,296.842
756.177,314.288
983.956,702.285
419.387,253.656
896.82,621.592
315.175,501.283
978.08,497.341
1046.11,247.159
450.034,598.412
457.635,688.357
437.459,450.432
48.4773,326.778
450.325,591.929
456.339,679.549
456.339,679.549
990.395,396.382
90.9617,486.444
863.784,366.076
443.139,516.181
609.566,673.129
974.211,306.766
700.317,594.672
242.2,444.437
280.445,622.478
603.875,625.108
603.875,625.108
460.683,683.403
240.094,572.449
421.647,222.899
461.017,671.901
562.927,286.271
562.927,286.271
755.924,229.422
220.521,501.116
737.13,332.524
737.13,332.524
427.575,266.345
427.575,266.345
427.575,266.345
556.893,241.658
427.575,266.345
31.5277,243.128
640.166,272.386
328.177,507.01
374.865,159.488
446.641,178.534
582.37,678.579
956.153,346.923
428.206,261.091
715.029,655.33
347.091,630.496
89.2827,629.88
426.307,714.423
170.665,498.557
459.784,596.56
911.704,701.224
805.767,605.443
938.561,665.099
227.8,648.076
57.6502,705.866
293.128,175.875
468.888,672.807
827.55,567.509
421.226,563.618
116.83,478.843
1015.85,681.826
877.618,520.508
1015.85,681.826
800.364,429.932
464.684,692.261
723.887,651.013
469.504,658.027
759.451,250.605
436.451,259.403
442.844,262.485
366.057,679.3
205.252,705.416
984.122,630.842
473.56,666.619
934.883,283.736
661.168,283.373
788.359,448.764
38.0239,283.129
723.634,700.249
123.141,433.938
393.527,543.299
467.473,584.636
442.844,262.485
983.438,489.813
229.193,504.123
322.622,343.711
19.5411,324.13
790.75,691.671
507.865,526.231
275.394,554.701
442.844,262.485
442.844,262.485
107.16,166.649
298.754,489.297
839.788,299.236
1032.18,439.011
715.645,267.005
715.645,267.005
480.867,683.465
25.2835,344.495
446.372,265.683
14.4605,116.794
995.586,536.78
476.941,592.902
448.541,263.397
934.883,283.736
854.013,493.536
316.862,344.157
294.329,344.506
969.545,460.501
46.5603,492.886
794.54,653.32
657.932,292.199
554.473,490.531
524.738,683.307
455.642,312.518
444.675,659.289
840.812,534.306
968.438,499.446
454.175,291.167
454.175,291.167
454.175,291.167
430.291,713.024
477.84,560.249
453.515,280.078
575.243,265.552
863.784,366.076
186.55,645.477
820.354,289.611
455.058,286.307
455.058,286.307
830.521,657.697
440.959,497.382
205.252,705.416
968.438,499.446
889.907,601.911
751.976,624.858
703.58,385.142
922.97,603.476
457.925,300.372
866.718,516.07
454.89,264.332
149.545,553.103
492.736,688.171
245.201,620.9
241.139,671.685
481.68,553.106
17.3348,473.704
294.329,344.506
1001.85,410.994
304.096,624.826
486.58,604.967
476.894,111.602
414.743,131.248
476.894,111.602
74.4422,638.395
1021.22,487.966
746.306,504.598
487.581,599.969
238.33,470.683
462.199,284.618
462.199,284.618
798.284,593.741
461.9,275.98
461.9,275.98
279.87,649.707
112.88,654.672
7.92826,136.352
481.537,504.439
489.157,594.001
489.742,602.428
527.541,625.126
29.351,635.416
329.436,519.746
816.675,544.851
112.51,431.944
221.817,124.65
929.841,705.365
569.491,695.982
7.86646,476.097
496.392,660.465
487.579,550.357
892.511,632.046
465.309,281.466
465.882,285.773
625.133,468.406
636.5,655.992
488.787,554.711
823.273,358.446
1015.63,697.67
853.837,349.756
1031.85,258.005
713.699,361.852
493.042,595.351
465.53,268.398
702.431,663.214
809.441,681.972
754.464,484.648
488.18,533.202
487.502,503.559
91.6792,153.503
485.889,495.089
242.017,705.532
456.86,488.695
266.423,427.37
788.359,448.764
489.415,521.844
495.929,597.869
495.929,597.869
496.123,593.347
468.942,267.992
700.317,594.672
103.434,145.017
238.432,412.494
228.833,628.965
563.555,559.071
328.395,338.004
473.092,273.129
369.505,690.528
44.1312,340.45
471.811,269.47
475.527,306.432
412.785,603.597
830.308,214.45
546.742,251.167
14.4605,116.794
335.677,533.319
745.553,626.867
846.127,600.921
802.091,142.381
299.5,145.936
238.432,412.494
476.521,286.481
1029.76,706.414
793.865,658.283
491.443,447.592
196.216,610.862
77.9393,662.007
77.9393,662.007
892.973,617.174
477.711,275.258
477.711,275.258
708.157,592.9
406,685.168
478.572,264.472
478.572,264.472
644.531,543.439
495.72,480.942
272.04,430.027
405.902,682.455
137.381,535.836
137.381,535.836
480.107,267.469
1052.77,582.829
170.23,503.481
751.905,100.811
482.762,274.197
557.434,651.888
483.698,268.899
73.2919,473.927
1042.67,701.041
439.048,480.492
506.197,543.214
430.14,682.391
316.9,694.859
1008.59,439.467
505.365,550.024
920.033,537.854
690.21,666.922
614.133,451.079
486.027,244.622
91.6087,443.574
474.86,620.889
11.5019,229.952
524.738,683.307
147.952,638.138
147.952,638.138
513.449,549.821
352.259,498.175
514.086,597.469
490.137,270.912
490.137,270.912
800.364,429.932
529.436,676.61
858.512,310.02
1004.82,274.877
37.2718,341.117
888.011,639.283
878.354,525.706
240.835,263.336
841.512,279.989
930.051,456.748
967.795,658.62
136.817,513.233
36.459,541.471
796.875,600.406
769.018,654.029
494.079,278.56
722.276,262.157
529.438,683.038
978.08,497.341
114.12,153.01
494.103,265.955
509.159,443.265
739.981,469.357
260.721,421.695
554.265,551.605
811.071,183.318
527.541,625.126
656.99,538.165
837.131,665.028
739.722,533.019
528.559,634.027
769.101,515.811
1064.61,451.547
1035.49,332.53
196.478,406.282
687.037,669.946
838.721,440.841
522.869,539.764
728.15,252.198
866.738,370.782
502.17,275.699
502.17,275.699
563.905,555.645
809.143,207.968
502.633,267.531
843.811,707.481
533.159,634.137
533.159,634.137
610.966,669.391
352.391,163.569
352.391,163.569
533.345,625.859
214.718,600.966
537.541,675.505
508.772,589.648
521.033,469.641
503.865,270.063
409.489,655.813
296.994,599.056
868.101,592.201
529.8,549.18
8.35954,159.552
813.635,670.501
517.722,288.779
509.536,315.748
609.328,471.812
258.849,597.164
392.926,625.274
144.19,610.396
262.18,558.901
445.166,338.911
507.326,274.405
679.705,542.554
319.811,593.457
153.507,661.136
539.208,646.395
551.312,411.642
926.86,584.355
139.331,378.087
295.303,625.943
181.81,209.416
532.526,533.246
1047.87,354.695
882.277,703.189
510.267,271.354
510.4,265.647
1036.05,449.805
850.272,690.21
1039.1,344.495
305.061,450.327
106.641,700.033
839.225,229.031
1047.54,344.49
534.661,549.574
854.822,384.412
540.798,622.614
231.066,621.012
792.612,95.7481
678.795,144.866
805.051,592.526
759.451,250.605
491.443,447.592
147.797,475.576
31.5277,243.128
549.202,660.572
517.947,308.449
513.972,271.24
719.433,261.491
977.211,420.448
25.4005,613.945
468.834,702.922
998.071,670.36
356.148,492.478
546.941,642.273
517.722,288.779
296.994,599.056
11.4915,345.594
75.0385,200.401
752.08,636.591
196.255,238.649
307.107,132.773
579.19,270.796
522.197,311.281
547.444,622.98
547.366,616.574
832.526,244.661
825.373,301.14
520.777,272.16
615.003,657.748
558.904,285.31
994.527,349.956
840.027,333.257
543.496,522.65
993.93,496.639
527.178,311.975
715.964,279.897
447.874,586.062
495.742,634.879
239.715,267.667
552.073,616.221
266.585,690.072
792.591,617.789
1035.64,621.085
526.321,279.621
474.86,620.889
824.651,608.832
785.491,465.7
556.179,530.125
59.6213,371.638
556.893,241.658
558.916,559.348
557.434,651.888
658.304,689.985
632.809,537.338
373.975,316.247
486.027,244.622
818.497,557.511
759.451,250.605
543.148,453.711
563.62,695.104
678.494,109.411
406.918,501.196
65.4387,489.919
1052.33,602.866
132.12,644.552
411.804,580.746
197.065,395.006
560.155,645.642
554.265,551.605
197.065,395.006
756.177,314.288
565.062,678.741
563.44,661.495
15.5213,146.313
15.5213,146.313
394.346,471.73
534.461,302.896
480.01,532.154
533.927,270.043
553.097,515.743
532.276,266.768
948.656,349.044
147.852,382.561
437.684,213.935
565.066,641.936
777.661,214.949
473.56,666.619
533.927,270.043
976.029,270.574
648.647,509.123
556.459,539.565
535.334,277.708
535.334,277.708
894.562,415.793
330.88,350.03
393.527,543.299
308.965,350.049
556.674,533.295
570.607,698.917
830.521,657.697
530.964,278.616
963.946,520.411
716.338,247.963
670.276,672.735
125.507,680.78
978.08,497.341
537.546,273.137
412.785,603.597
819.237,277.186
579.19,270.796
122.67,540.95
571.709,678.13
356.148,492.478
574.273,691.736
487.178,569.314
848.976,295.703
261.07,625.567
563.555,559.071
609.364,607.033
558.403,489.281
541.074,272.836
596.506,274.479
900.678,332.875
752.963,396.19
240.191,265.818
556.893,241.658
20.8766,307.414
178.969,650.162
51.8669,696.538
571.815,649.026
114.12,153.01
875.511,466.554
814.822,426.823
704.849,686.815
414.616,171.368
758.78,700.874
493.309,170.585
19.5411,324.13
47.886,470.88
162.056,296.973
44.8231,707.292
99.4893,476.053
261.07,625.567
830.998,615.6
1001.32,598.067
270.341,637.892
548.056,281.139
493.65,316.702
550.167,293.941
526.321,279.621
210.578,513.486
63.881,392.35
546.742,251.167
919.645,652.658
283.516,657.155
566.144,480.779
580.76,230.836
526.321,279.621
152.331,676.8
551.853,295.584
871.25,582.576
156.547,645.4
848.68,262.987
39.9826,635.304
117.5,650.096
711.955,605.101
551.273,271.294
7.129,423.416
370.386,530.914
181.086,491.646
946.426,463.799
986.996,581.439
1044.04,344.378
554.086,272.271
354.823,326.59
486.027,244.622
215.687,517.001
715.637,225.611
832.545,438.885
719.433,261.491
513.972,271.24
554.781,269.329
546.496,164.809
825.833,476.23
118.515,444.505
842.545,265.101
76.4798,485.516
91.0767,516.122
1066.33,534.364
566.193,515.257
625.192,548.864
809.441,681.972
833.915,602.134
204.32,337.32
153.058,303.858
412.785,603.597
76.8599,697.376
421.647,222.899
398.646,440.869
556.767,271.376
805.304,452.874
934.294,462.189
355.948,464.566
849.905,639.013
587.661,636.909
930.051,456.748
976.029,270.574
607.883,540.817
928.398,637.938
575.902,483.281
174.232,630.016
556.893,241.658
556.893,241.658
870.932,544.04
201.371,614.666
589.292,633.188
363.855,444.196
652.44,527.804
737.13,332.524
737.13,332.524
526.321,279.621
443.988,706.048
577.051,549.15
924.609,629.059
715.637,225.611
562.927,286.271
622.358,599.617
7.84864,159.724
602.18,694.761
311.995,132.409
1043.41,347.067
117.5,650.096
865.5,220.982
567.086,322.251
567.086,322.251
594.999,660.119
43.3852,424.448
421.34,649.456
583.45,515.974
657.983,118.003
655.297,134.032
139.427,710.991
1009.57,626.545
673.734,689.386
998.053,581.455
1008.34,522.674
673.186,705.793
357.387,698.426
507.326,274.405
751.908,213.542
586.32,539.278
878.354,525.706
1041.62,608.685
649.229,514.023
742.699,265.115
741.474,658.093
566.222,272.48
9.3215,316.556
480.307,493.941
474.229,626.633
567.311,279.384
567.311,279.384
589.767,558.162
681.2,266.415
156.547,645.4
577.07,584.829
598.726,659.693
906.608,641.966
602.18,694.761
19.9419,403.003
436.874,500.94
695.589,556.079
838.124,211.413
437.684,213.935
598.95,636.694
543.326,509.526
846.192,296.842
1001.32,598.067
343.553,471.553
115.009,161.198
570.54,283.201
46.4625,594.166
569.963,270.091
548.5,647.847
107.16,166.649
947.387,670.716
712.737,550.75
999.818,272.183
999.818,272.183
216.875,422.686
591.335,510.032
308.02,664.106
1021.41,692.102
462.222,664.86
572.976,284.85
114.351,508.513
84.8898,445.911
755.924,229.422
487.579,550.357
188.871,398.795
1067.17,441.725
585.173,179.154
569.391,226.629
373.975,316.247
288.907,503.933
572.655,267.424
572.655,267.424
758.078,364.107
242.2,444.437
600.161,592.27
126.093,440.028
823.491,402.079
711.046,413.018
595.048,550.311
715.645,267.005
537.541,675.505
86.0428,441.525
1016.83,278.09
722.276,262.157
603.875,625.108
603.875,625.108
77.0014,332.386
158.762,231.921
829.861,606.264
991.338,465.815
139.069,350.708
606.658,644.782
644.531,543.439
1047.55,334.672
595.069,490.993
595.069,490.993
608.006,375.508
610.757,689.317
445.166,338.911
645.532,695.163
880.154,628.598
603.859,595.834
612.941,701.134
611.699,696.019
304.558,299.612
539.213,412.318
722.416,308.025
75.4934,319.305
698.83,261.592
128.449,213.401
457.925,300.372
60.4379,709.174
579.19,270.796
759.244,669.414
844.982,382.461
628.871,499.286
967.668,549.445
500.737,197.329
65.4387,489.919
212.181,624.031
908.68,341.494
813.45,644.926
628.194,592.73
610.032,620.743
427.185,664.481
600.035,688.273
869.472,402.155
240.191,265.818
792.542,602.213
616.979,694.507
611.313,601.427
819.11,610.166
618.164,551.247
609.112,588.879
769.175,251.176
731.65,227.508
362.614,537.525
878.469,640.849
415.666,659.86
252.1,658.656
622.034,708.369
1028.3,338.835
843.38,628.028
648.647,509.123
648.647,509.123
788.359,448.764
909.329,507.11
142.384,334.215
252.305,592.606
611.833,549.52
322.648,349.066
465.882,285.773
897.146,208.491
613.176,620.6
21.9073,210.624
46.0938,686.947
675.061,655.785
491.211,295.47
761.588,521.308
674.681,543.094
611.515,538.964
671.599,589.809
240.094,572.449
730.378,433.473
707.642,289.179
318.309,332.994
1019.88,350.583
842.924,319.066
620.686,618.618
858.891,396.325
878.19,331.055
467.694,478.554
812.154,609.31
625.766,662.657
621.672,625.623
619.106,610.221
902.089,446.427
72.1972,196.678
109.217,455.39
194.665,541.185
1063.39,703.982
260.721,421.695
566.361,520.835
616.51,539.292
878.19,331.055
329.436,519.746
729.568,403.841
657.614,547.179
622.358,599.617
622.358,599.617
193.4,650.98
22.7914,607.364
792.612,95.7481
670.022,337.038
596.506,274.479
582.729,329.922
1064.04,612.775
830.139,395.879
494.576,295.92
674.273,594.514
315.354,640.706
624.99,611.221
246.641,273.355
574.48,277.602
853.05,334.24
608.006,375.508
354.823,326.59
608.006,375.508
579.19,270.796
981.779,502.145
949.651,620.148
115.279,544.483
963.496,460.682
201.371,614.666
949.651,620.148
869,635.892
153.507,661.136
1057.88,700.029
622.271,527.135
622.271,527.135
667.733,522.887
426.111,498.398
722.351,483.895
722.351,483.895
236.955,456.887
958.188,586.826
529.8,549.18
569.649,681.939
628.194,592.73
260.721,421.695
64.238,228.565
1063.39,703.982
291.112,510.675
37.5918,429.087
258.849,597.164
104.38,561.777
468.834,702.922
196.255,238.649
671.427,595.218
649.678,304.953
622.431,469.46
622.431,469.46
259.892,665.044
825.833,476.23
214.718,600.966
255.767,289.077
751.938,171.854
565.062,678.741
795.533,529.817
982.882,666.77
757.015,599.372
691.443,653.766
769.175,251.176
841.82,276.799
500.737,197.329
242.507,463.077
352.259,498.175
351.663,491.418
417.125,302.45
579.19,270.796
627.184,475.538
644.119,692.306
898.146,356.5
898.146,356.5
632.809,537.338
133.443,554.742
242.507,463.077
549.258,650.619
29.9357,340.418
93.2013,607.975
921.336,383.221
184.485,548.619
255.445,559.461
519.341,665.198
255.445,559.461
67.1283,211.974
828.186,312.924
571.446,675.431
710.475,594.927
557.368,678.897
242.507,463.077
296.994,599.056
941.562,337.411
941.562,337.411
636.46,520.484
533.159,634.137
781.855,249.111
832.545,438.885
1058.29,603.086
698.347,585.302
238.043,625.371
46.2357,405.135
917.801,681.619
796.532,507.847
855.41,689.954
645.247,595.499
1041.7,621.886
437.684,213.935
255.987,292.202
730.581,398.691
17.7277,603.76
641.011,512.997
799.636,513.006
640.16,501.452
906.608,641.966
647.639,593.671
426.111,498.398
542.528,636.561
642.614,517.63
690.21,666.922
80.2174,647.063
39.4989,332.901
642.648,509.111
886.338,532.086
835.058,611.355
90.5911,493.651
172.522,392.166
959.892,663.354
565.062,678.741
968.709,532.905
809.312,612.095
273.136,664.617
906.608,641.966
719.545,503.115
658.304,689.985
243.555,274.63
574.347,677.915
93.2013,607.975
811.281,215.118
661.632,692.552
514.086,597.469
556.674,533.295
661.389,705.256
438.381,535.563
718.728,543.531
660.16,684.853
903.594,480.708
796.745,541.131
805.236,452.714
290.475,449.104
648.647,509.123
648.647,509.123
777.495,249.284
711.372,353.411
804.331,430.045
649.229,514.023
217.243,646.189
285.513,453.51
238.432,412.494
220.521,501.116
164.113,444.41
804.331,430.045
654.665,571.64
653.233,532.875
652.44,527.804
403.775,501.303
1037.23,460.614
167.843,384.019
645.247,595.499
298.754,489.297
813.284,605.151
650.709,492.658
839.345,495.069
825.373,301.14
991.803,475.552
822.331,408.616
354.823,326.59
608.006,375.508
354.823,326.59
354.823,326.59
55.4277,498.117
10.6076,508.355
977.377,546.855
618.164,551.247
184.485,548.619
77.9393,662.007
678.403,538.593
575.617,680.574
583.45,515.974
583.45,515.974
656.712,514.179
190.262,705.111
639.684,294.391
845.564,639.031
474.229,626.633
205.252,705.416
712.352,642.569
480.307,493.941
290.287,550.939
752.519,686.94
861.493,544.165
672.852,701.733
86.0428,441.525
673.186,705.793
657.933,512.585
281.136,669.182
755.603,499.385
640.166,272.386
640.166,272.386
68.8457,708.459
990.533,322.036
1033.7,508.428
569.391,226.629
1036.34,673.71
865.874,688.75
1069.47,300.564
644.02,297.914
241.139,671.685
673.755,694.763
395.146,492.792
65.4387,489.919
134.524,380.623
285.513,453.51
776.102,545.878
665.154,548.622
123.141,433.938
1002.89,341.057
647.062,301.346
1046.11,247.159
115.161,448.097
809.359,701.904
838.97,597.467
852.7,640.805
668.43,555.273
667.701,541.378
649.678,304.953
112.88,654.672
667.956,516.761
680.157,685.102
271.121,641.637
667.733,522.887
667.733,522.887
829.515,257.748
796.745,541.131
341.611,348.294
979.778,334.669
667.757,512.482
35.4766,611.605
12.7618,531.366
450.034,598.412
50.4877,621.565
609.566,673.129
858.512,310.02
940.184,415.828
656.99,538.165
1064.58,583.304
87.3624,362.112
537.948,267.432
684.117,688.236
684.117,688.236
184.485,548.619
818.497,557.511
713.236,687.254
560.454,595.771
686.39,509.458
1015.85,681.826
828.451,687.392
657.08,503.145
848.68,262.987
357.387,698.426
451.15,544.739
28.0545,372.316
680.331,626.1
221.817,124.65
681.963,649.14
819.11,610.166
445.166,338.911
304.558,299.612
670.288,490.322
656.508,306.681
678.324,593.061
841.82,276.799
541.512,603.728
35.4766,611.605
828.794,296.107
369.505,690.528
673.96,519.386
762.992,513.152
353.835,467.957
737.998,269.052
712.695,269.464
681.481,604.19
433.907,547.22
342.622,596.823
683.06,598.044
687.037,669.946
669.35,435.345
689.39,661.676
843.397,353.871
781.855,249.111
350.94,636.505
437.184,555.943
722.783,644.338
751.477,261.787
675.224,485.083
675.224,485.083
108.085,514.581
49.3947,611.594
370.562,653.164
823.429,631.491
690.21,666.922
690.21,666.922
558.904,285.31
676.456,493.057
691.491,668.392
577.281,486.339
813.635,357.577
57.7116,607.393
217.797,547.344
669.35,435.345
28.0545,372.316
962.919,583.262
962.919,583.262
793.865,658.283
689.942,641.521
826.421,445.32
624.116,663.237
1052.22,317.616
943.705,684.887
123.114,489.272
338.874,605.075
842.165,323.061
493.65,316.702
129.059,221.956
627.184,475.538
674.575,421.332
90.5911,493.651
687.361,597.73
694.392,706.743
878.079,619.114
245.136,596.61
681.535,515.588
295.303,625.943
727.354,227.535
822.525,383.722
683.562,543.787
304.558,299.612
665.876,302.637
615.003,657.748
736.286,203.996
716.044,253.675
15.5554,628.18
298.21,669.19
681.629,461.066
678.708,467.075
885.313,461.505
907.32,645.861
72.0061,412.511
686.39,509.458
19.1961,534.597
167.415,449.548
138.579,363.159
531.067,563.111
734.338,515.862
1014.45,285.574
700.127,692.112
696.507,647.095
751.477,261.787
325.043,355.422
888.133,467.817
862.188,626.498
316.9,694.859
101.371,154.858
1006.78,289.434
294.329,344.506
110.999,434.178
371.622,632.527
799.068,238.098
302.316,643.878
977.211,420.448
977.211,420.448
6.6858,185.997
773.234,114.494
668.464,247.533
533.345,625.859
687.84,489.974
590.479,133.007
836.201,566.708
652.44,527.804
745.833,220.615
701.702,658.411
819.456,393.092
695.589,556.079
855.968,591.762
702.431,663.214
692.691,527.775
205.351,461.306
1028.45,463.961
171.819,604.411
777.661,214.949
31.5277,243.128
832.545,438.885
941.562,337.411
227.8,648.076
699.927,601.32
675.22,426.209
693.105,548.535
79.0022,463.944
700.317,594.672
705.808,667.397
724.76,237.065
704.416,650.058
765.765,684.497
703.265,633.304
834.735,310.012
155.123,553.158
99.8252,561.926
707.403,682.298
704.16,641.215
374.865,159.488
114.145,147.553
1029.76,706.414
192.98,376.17
117.187,646.959
865.874,688.75
709.188,687.56
592.164,275.23
6.6858,185.997
6.6858,185.997
1003.56,454.861
838.721,440.841
193.4,650.98
796.121,234.472
743.494,454.655
876.22,626.15
1034.06,289.251
1007.42,340.232
163.394,432.829
947.156,369.672
123.114,489.272
311.995,132.409
828.794,296.107
300.746,331.205
1034.06,289.251
692.164,446.27
534.461,302.896
457.925,300.372
838.721,440.841
213.571,259.024
552.073,616.221
709.767,664.877
657.932,292.199
607.883,540.817
299.5,145.936
194.751,469.549
894.048,641.389
706.478,619.474
585.173,179.154
719.545,503.115
713.236,687.254
706.527,605.247
707.877,615.288
672,487.9
547.366,616.574
712.428,669.774
982.568,348.478
684.552,289.94
1008.89,444.428
692.691,527.775
888.862,585.379
716.869,709.115
405.656,498.263
974.211,306.766
15.8975,156.006
419.387,253.656
771.218,217.37
961.093,372.579
529.8,549.18
481.537,504.439
240.301,291.565
701.053,482.086
1061.47,426.981
390.535,498.977
114.145,147.553
823.491,402.079
1004.69,630.821
717.365,679.052
707.825,549.426
707.825,549.426
713.373,651.878
719.679,699.34
713.505,616.124
849.838,618.456
553.097,515.743
628.233,632.84
719.585,411.564
282.913,313.949
435.202,256.667
887.653,651.904
722.176,710.05
705.684,481.139
688.269,264.22
731.932,251.011
575.243,265.552
1073.2,464.538
1055.04,664.663
363.855,444.196
543.584,551.33
598.716,554.298
806.115,440.35
307.232,500.08
723.634,700.249
723.634,700.249
681.481,604.19
712.737,550.75
353.835,467.957
556.893,241.658
379.762,356.214
43.0702,204.282
670.022,337.038
350.94,636.505
380.751,701.723
420.636,614.081
986.871,344.542
704.416,650.058
932.947,293.442
715.964,279.897
248.109,608.216
228.833,628.965
595.048,550.311
850.182,55.2306
819.572,470.274
554.249,558.986
959.91,313.882
946.322,588.665
585.173,179.154
726.939,703.882
141.537,374.244
319.811,593.457
19.5411,324.13
802.091,142.381
923.927,200.551
505.365,550.024
722.942,671.575
719.858,591.746
719.858,591.746
307.232,500.08
90.9617,486.444
637.512,290.406
280.654,467.816
440.959,497.382
863.154,648.035
20.5688,303.855
332.592,211.276
707.173,411.237
707.173,411.237
683.159,441.054
723.634,700.249
868.484,79.4315
473.877,545.086
932.102,702.16
204.291,618.069
794.448,412.968
723.192,633.634
383.187,551.732
878.079,619.114
307.232,500.08
308.669,150.37
683.159,441.054
706.211,428.162
390.223,685.879
731.334,707.684
184.485,548.619
842.924,319.066
526.321,279.621
526.321,279.621
720.271,554.435
162.903,556.841
667.124,600.198
808.605,280.074
319.597,329.578
897.146,208.491
698.83,261.592
7.92826,136.352
1000.27,685.457
854.135,604.043
1009.57,626.545
711.046,413.018
78.9837,512.927
1002.89,341.057
491.523,612.531
718.986,514.298
707.018,481.343
959.992,566.914
122.891,644.99
596.506,274.479
299.5,145.936
297.686,348.064
91.6792,153.503
736.286,203.996
732.676,689.279
360.172,492.952
648.647,509.123
758.631,681.289
729.122,628.367
751.549,271.144
533.159,634.137
742.152,702.451
142.384,334.215
735,693.862
268.851,646.969
297.686,348.064
796.121,234.472
434.777,656.566
838.721,440.841
737.516,717.082
800.069,488.66
543.496,522.65
684.329,263.384
684.329,263.384
734.069,426.625
188.871,398.795
780.078,364.573
519.514,659.952
724.69,530.907
809.312,612.095
711.372,353.411
116.312,451.987
920.384,391.404
921.461,365.117
25.4005,613.945
596.506,274.479
656.508,306.681
998.797,527.754
724.435,504.408
172.522,392.166
141.329,601.059
252.155,532.486
87.8011,517.282
557.247,395.908
724.357,479.162
946.596,564.605
71.7406,338.774
706.211,428.162
162.841,638.662
1069.47,300.564
90.5301,539.914
778.488,668.848
37.2459,603.104
290.657,339.464
188.871,398.795
851.971,529.904
742.152,702.451
708.657,255.933
728.138,525.469
528.418,459.573
159.848,618.566
1055.09,375.631
959.91,313.882
196.216,610.862
1050.38,639.677
193.4,650.98
833.851,257.807
974.592,656.979
166.798,601.184
726.805,472.32
721.673,614.345
726.573,493.88
721.644,408.036
242.507,463.077
242.507,463.077
759.085,231.69
759.085,231.69
908.33,451.98
5.59106,128.344
5.59106,128.344
36.448,492.98
839.788,299.236
272.871,678.7
512.461,468.701
457.925,300.372
713.699,361.852
225.723,705.303
197.103,507.591
238.432,412.494
901.401,485.708
730.046,478.64
245.469,634.644
123.825,510.046
735.532,538.96
735.532,538.96
715.964,279.897
390.477,489.447
481.537,504.439
947.387,670.716
295.232,468.155
712.359,587.402
6.61896,319.385
128.005,603.315
170.973,515.956
48.1792,555.903
1003.01,490.479
401.526,589.928
730.378,433.473
548.056,281.139
673.755,694.763
137.381,535.836
744.708,630.413
739.722,533.019
722.416,308.025
722.416,308.025
737.043,495.348
718.788,264.538
718.788,264.538
846.192,296.842
762.992,513.152
138.405,472.971
719.545,503.115
964.064,338.981
833.188,697.844
488.857,589.854
754.008,651.124
199.302,706.416
843.38,628.028
938.561,665.099
779.915,671.135
943.009,568.419
468.834,702.922
750.654,652.51
750.654,652.51
722.276,262.157
722.276,262.157
808.646,382.723
1041.65,432.721
419.426,630.168
864.913,600.481
855.41,689.954
761.004,526.104
1064.59,608.413
11.5019,229.952
805.767,605.443
740.867,485.797
180.9,644.002
299.867,678.579
1076.97,487.952
430.14,682.391
981.779,502.145
47.886,470.88
86.2351,551.357
291.725,649.804
33.6609,392.947
499.334,589.77
759.283,696.298
636.46,520.484
739.981,469.357
655.297,134.032
259.422,670.194
723.62,232.934
752.98,669.904
938.305,550.343
491.443,447.592
805.068,385.088
179.945,702.932
450.034,598.412
653.233,532.875
863.744,170.389
1035.41,480.706
746.306,504.598
746.413,503.315
67.2186,608.141
748.554,530.943
1040.3,499.347
727.714,243.063
695.664,526.206
145.553,679.575
785.491,465.7
562.927,286.271
728.15,252.198
549.258,650.619
94.858,636.29
727.354,227.535
846.814,623.22
1039.88,356.406
766.101,412.604
626.785,526.603
329.436,519.746
609.364,607.033
737.13,332.524
502.17,275.699
23.2967,293.626
147.797,475.576
731.244,246.683
731.244,246.683
461.427,489.788
358.139,550.417
575.902,483.281
255.767,289.077
827.244,340.624
302.702,601.032
404.061,603.057
240.094,572.449
919.321,303.661
751.938,171.854
680.157,685.102
986.917,540.05
486.58,604.967
792.542,602.213
223.98,625.523
754.426,204.47
1044.8,246.056
235.099,702.731
679.806,534.031
765.765,684.497
410.832,628.531
765.927,669.931
748.054,408.194
880.931,483.387
280.558,123.133
280.558,123.133
160.446,385.776
128.572,475.047
242.017,705.532
896.82,621.592
746.328,380.03
746.328,380.03
737.998,269.052
12.4439,406.336
845.325,282.077
109.083,604.241
614.668,306.63
737.975,238.445
738.718,250.38
894.696,509.775
572.976,284.85
738.851,245.466
769.018,654.029
946.596,564.605
906.079,220.404
737.464,225.352
931.71,286.191
758.965,642.12
996.883,534.676
996.883,534.676
993.93,496.639
15.5213,146.313
379.762,356.214
240.191,265.818
312.876,356.65
8.2849,613.547
498.93,692.289
832.545,438.885
419.444,704.397
763.223,647.155
741.099,234.034
741.099,234.034
701.901,413.56
762.992,513.152
34.6147,375.66
739.786,628.908
830.308,214.45
98.9799,494.959
148.822,171.636
832.545,438.885
280.777,491.986
841.512,279.989
667.701,541.378
147.852,382.561
372.055,550.914
745.206,226.395
655.08,705.62
745.833,220.615
775.947,628.663
636.46,520.484
432.834,535.463
749.208,259.028
713.571,130.902
719.585,411.564
779.915,671.135
254.921,286.37
293.57,330.437
781.896,620.366
861.007,521.442
818.177,713.956
107.16,166.649
875.412,393.609
768.033,500.784
284.349,210.9
315.95,185.891
768.908,502.983
768.908,502.983
751.549,271.144
751.549,271.144
969.108,504.468
317.474,415.523
147.571,362.442
750.488,240.341
1073.2,464.538
943.009,568.419
598.95,636.694
751.832,244.012
693.105,548.535
750.218,215.365
614.668,306.63
751.699,235.816
707.642,289.179
896.82,621.592
512.461,468.701
228.235,403.349
321.143,416.752
307.232,500.08
1030.2,612.107
569.649,681.939
776.102,545.878
780.643,595.888
987.836,353.627
853.91,341.949
19.5411,324.13
546.496,164.809
500.373,654.316
780.542,612.052
214.718,600.966
173.603,557.103
843.684,476.305
550.88,631.827
895.082,608.953
826.947,358.341
754.426,232.261
1053.63,438.782
351.663,491.418
529.436,676.61
897.585,376.052
1007.42,340.232
644.591,707.475
136.817,513.233
751.938,171.854
751.938,171.854
128.449,213.401
480.307,493.941
487.178,569.314
288.907,503.933
262.851,619.631
747.934,212.991
926.957,330.105
642.648,509.111
759.451,250.605
662.309,702.042
793.739,699.484
759.085,231.69
759.085,231.69
718.172,374.32
759.451,250.605
794.079,690.854
507.869,664.802
787.783,580.277
793.739,699.484
609.112,588.879
408.481,296.285
723.634,700.249
888.459,418.509
893.718,483.066
746.837,388.435
793.865,658.283
761.74,221.157
1044.8,246.056
712.428,669.774
836.101,283.146
983.109,473.216
662.53,288.256
776.99,409.166
776.99,409.166
575.902,483.281
794.54,653.32
408.481,296.285
1049.13,604.304
1071.94,656.311
201.371,614.666
494.829,671.121
240.835,263.336
27.5389,410.229
419.426,630.168
560.454,595.771
496.912,620.82
780.229,590.463
1002.89,341.057
785.491,465.7
836.729,315.746
653.212,701.481
769.175,251.176
252.1,658.656
281.321,151.415
926.399,476.027
858.267,627.852
796.875,600.406
995.586,536.78
107.514,707.987
107.16,166.649
906.608,641.966
678.324,593.061
419.387,253.656
421.565,601.942
919.645,652.658
990.533,322.036
771.68,242.911
780.078,364.573
773.026,256.5
707.173,411.237
798.284,593.741
427.1,641.023
945.468,681.558
672,487.9
725.707,263.239
205.351,461.306
158.614,373.855
788.359,448.764
389.519,155.479
775.217,252.887
533.99,538.344
816.78,587.889
281.136,669.182
272.04,430.027
212.181,624.031
912.833,431.602
43.0702,204.282
192.693,453.053
804.854,633.685
805.064,625.861
803.667,612.457
427.575,266.345
427.575,266.345
977.377,546.855
865.138,487.398
797.4,517.664
610.966,669.391
805.767,605.443
296.994,599.056
794.766,455.625
590.633,631.118
1047.03,293.603
315.175,501.283
777.661,214.949
777.661,214.949
773.968,440.372
796.828,469.247
931.185,628.072
826.185,590.932
823.953,287.252
931.88,615.891
205.351,461.306
437.684,213.935
307.469,245.733
308.965,350.049
798.438,479.974
813.284,605.151
969.108,504.468
293.241,323.139
410.21,663.934
800.069,488.66
114.12,153.01
374.865,159.488
1008.34,522.674
835.17,672.451
755.924,229.422
815.343,706.117
707.877,615.288
809.889,598.929
965.644,79.895
501.454,674.604
279.094,679.067
342.622,596.823
796.121,234.472
515.699,326.847
727.714,243.063
128.449,213.401
813.646,626.413
798.936,421.668
941.646,468.918
812.154,609.31
801.568,455.192
800.016,433.288
740.867,485.797
813.284,605.151
103.495,445.128
103.495,445.128
657.08,503.145
887.299,220.054
788.946,264.909
814.12,574.697
817.162,649.525
611.515,538.964
17.6179,430.019
848.976,295.703
640.111,553.905
181.81,209.416
805.236,452.714
803.218,418.337
338.573,473.402
537.546,273.137
821.105,661.529
291.003,297.446
440.959,497.382
412.785,603.597
186.927,223.725
612.684,299.057
804.341,423.754
820.47,646.208
807.151,460.825
954.292,358.799
715.235,627.472
816.78,587.889
893.718,483.066
1041.7,621.886
459.595,626.349
818.131,591.903
819.11,610.166
833.769,490.519
854.822,384.412
691.443,653.766
744.109,695.881
969.545,460.501
868.447,536.977
821.691,627.611
847.577,644.926
484.511,627.533
443.947,590.346
391.218,706.873
818.497,557.511
715.235,627.472
823.429,631.491
44.1312,340.45
505.839,630.964
690.314,569.466
849.838,618.456
977.122,321.128
900.638,590.875
796.121,234.472
759.085,231.69
811.844,489.419
278.309,184.171
307.232,500.08
824.651,608.832
441.323,519.69
808.646,382.723
529.438,683.038
831.084,677.497
835.058,611.355
797.4,517.664
436.874,500.94
1035.41,480.706
844.982,382.461
830.471,664.721
830.521,657.697
830.308,214.45
665.923,673.62
959.91,313.882
963.496,460.682
205.651,524.52
960.853,520.425
799.548,225.504
621.068,354.649
743.587,619.199
149.048,709.259
213.25,402.64
826.953,602.276
826.953,602.276
555.181,497.053
142.384,334.215
779.334,253.591
800.691,211.552
1014.09,583.888
827.55,567.509
827.55,567.509
830.998,615.6
590.633,631.118
582.37,678.579
816.675,544.851
808.605,280.074
1059.43,517.983
838.315,678.478
804.085,204.337
97.2319,217.841
715.637,225.611
812.816,311.318
707.877,615.288
812.816,311.318
831.637,570.769
390.405,567.623
67.1283,211.974
831.637,570.769
833.915,602.134
840.357,675.317
740.531,400.337
33.6833,602.301
292.716,664.753
846.192,296.842
1033.7,508.428
87.6514,574.421
123.114,489.272
921.336,383.221
806.954,215.258
869,635.892
266.423,427.37
246.093,273.186
436.401,543.45
294.09,555.496
826.421,445.32
539.213,412.318
443.012,600.163
1029.43,472.33
920.033,537.854
108.239,614.014
844.016,683.111
836.201,566.708
843.307,671.951
809.143,207.968
846.09,700.7
137.861,359.046
98.9799,494.959
811.418,222.178
811.418,222.178
224.698,471.847
811.281,215.118
811.281,215.118
820.441,329.435
421.025,660.881
847.455,678.124
977.211,420.448
823.273,358.446
9.90296,547.642
461.427,489.788
737.043,495.348
811.721,549.07
843.38,628.028
833.769,490.519
813.646,626.413
412.785,603.597
818.508,270.873
218.251,479.627
446.962,597.889
910.482,434.042
591.686,433.929
817.896,254.586
832.242,538.381
776.102,545.878
819.237,277.186
130.126,550.647
814.817,210.519
825.699,350.551
825.699,350.551
843.337,592.064
779.334,253.591
819.83,266.333
1029.43,472.33
644.119,692.306
826.947,358.341
335.677,533.319
726.573,493.88
830.139,395.879
828.065,364.409
372.055,550.914
142.384,334.215
480.107,267.469
386.118,682.905
374.865,159.488
186.927,223.725
822.433,270.832
402.445,702.48
818.131,225.269
819.775,231.425
137.273,199.882
825.176,297.879
1008.59,439.467
711.955,605.101
845.564,639.031
1007.12,664.064
821.705,240.247
855.41,689.954
849.838,618.456
571.815,649.026
850.112,626.748
237.012,707.451
781.896,620.366
702.431,663.214
829.658,336.641
829.658,336.641
836.203,348.975
761.588,521.308
64.9589,496.71
700.828,434.849
850.909,623.227
855.164,683.442
219.753,472.669
878.079,619.114
907.32,645.861
31.6393,175.772
158.762,231.921
837.373,407.965
938.305,550.343
823.522,222.36
184.485,548.619
828.794,296.107
828.794,296.107
293.57,330.437
840.015,378.048
723.192,633.634
821.893,202.182
760.016,167.404
610.857,679.628
549.202,660.572
840.812,534.306
505.365,550.024
820.428,462.308
859.774,671.315
140.089,644.579
854.135,604.043
674.144,672.497
827.14,230.169
829.515,257.748
836.203,348.975
853.988,598.443
386.724,603.826
645.247,595.499
834.735,310.012
851.971,529.904
569.391,226.629
830.464,248.954
855.968,591.762
467.572,624.776
357.612,675.805
823.879,266.844
858.267,627.852
857.217,609.284
397.964,475.551
495.727,681.076
848.976,295.703
841.512,279.989
838.518,326.536
622.728,518.366
856.745,456.524
648.318,621.094
698.983,590.977
839.345,495.069
832.526,244.661
173.603,557.103
848.976,295.703
982.568,348.478
19.9419,403.003
840.027,333.257
834.305,254.718
995.586,536.78
25.1513,398.867
841.168,342.36
859.88,603.248
859.88,603.248
834.073,241.781
698.587,585.926
865.874,688.75
862.326,628.288
495.742,634.879
862.188,626.498
721.434,600.5
1043.43,618.86
843.397,353.871
75.0385,200.401
291.003,297.446
644.02,297.914
747.378,242.219
843.397,353.871
843.397,353.871
503.865,270.063
431.707,634.986
661.632,692.552
19.5411,324.13
834.518,232.404
296.134,318.652
954.024,697.61
468.937,315.415
257.205,281.821
264.417,290.897
457.925,300.372
159.848,618.566
611.833,549.52
7.76837,274.016
236.622,558.632
842.924,319.066
565.066,641.936
67.3519,493.917
859.329,338.912
680.956,692.84
351.967,681.621
739.076,218.317
709.577,658.376
491.443,447.592
839.225,229.031
845.564,639.031
841.512,279.989
719.545,503.115
1004.82,274.877
847.487,360.35
847.487,360.35
839.225,229.031
763.223,647.155
430.756,661.929
861.493,544.165
567.311,279.384
1026.13,328.689
96.8021,354.269
430.14,682.391
851.155,396.973
847.811,337.606
848.622,347.421
58.5632,488.589
842.069,251.294
974.7,542.453
312.711,690.076
587.081,553.878
867.132,607.749
846.192,296.842
846.192,296.842
868.671,618.845
845.325,282.077
862,516.199
446.641,178.534
476.894,111.602
179.084,683.284
136.768,453.893
1067.28,491.383
956.817,658.652
22.9925,349.418
865.465,696.747
867.997,588.1
521.028,282.261
868.101,592.201
430.291,713.024
647.639,593.671
90.8391,371.925
988.899,589.122
532.276,266.768
567.311,279.384
768.958,707.939
1027.58,476.802
680.051,248.582
965.524,446.005
872.146,629.045
872.146,629.045
509.159,443.265
848.949,298.383
977.812,467.292
909.384,406.957
694.057,503.651
919.68,638.192
828.186,312.924
867.017,548.133
690.21,666.922
796.121,234.472
870.932,544.04
519.514,659.952
983.432,665.793
29.3954,151.008
338.874,605.075
724.324,715.185
492.736,688.171
853.837,349.756
871.25,582.576
853.05,334.24
1031.85,258.005
759.085,231.69
853.91,341.949
133.825,464.5
1014.45,285.574
855.337,360.482
858.891,396.325
721.644,408.036
721.434,600.5
721.434,600.5
805.767,605.443
857.097,366.896
854.672,583.773
865.138,487.398
81.9057,541.66
91.6833,647.428
865.138,487.398
738.229,298.715
1016.35,581.208
100.497,417.934
68.4752,139.291
204.291,618.069
123.114,489.272
722.783,644.338
352.388,625.728
224.66,408.134
874.301,590.545
71.1542,455.391
726.805,472.32
871.134,347.407
875.175,609.683
865.138,487.398
280.558,123.133
742.152,702.451
1067.17,441.725
407.263,640.25
575.617,680.574
459.324,636.409
871.459,532.088
871.459,532.088
247.079,522.272
1051.01,608.213
836.729,315.746
871.459,532.088
871.459,532.088
16.5648,362.312
317.561,493.316
347.091,630.496
286.824,312.272
931.71,286.191
880.154,628.598
577.051,549.15
217.243,646.189
1015.7,545.641
533.159,634.137
533.159,634.137
863.325,374.117
82.5892,664.46
607.883,540.817
132.75,356.298
458.409,661.684
657.08,503.145
321.731,443.316
1052.16,444.212
326.849,603.887
962.919,583.262
1041.62,608.685
872.565,469.655
959.992,566.914
884.559,622.494
437.459,450.432
998.053,581.455
515.699,326.847
866.738,370.782
312.542,345.823
670.276,672.735
877.618,520.508
977.377,546.855
985.051,346.568
732.753,397.564
291.003,297.446
931.185,628.072
20.5688,303.855
452.761,487.787
21.4618,606.392
887.351,633.673
755.603,499.385
882.546,586.681
600.161,592.27
262.898,603.492
732.943,583.458
509.536,315.748
878.354,525.706
853.837,349.756
17.7277,603.76
517.114,626.886
708.657,255.933
708.657,255.933
145.159,690.193
515.699,326.847
260.721,421.695
299.584,648.911
281.136,669.182
875.412,393.609
871.134,347.407
871.134,347.407
1035.04,372.397
885.854,538.971
885.854,538.971
60.4379,709.174
892.511,632.046
609.364,607.033
886.338,532.086
886.338,532.086
353.364,676.086
737.13,332.524
737.13,332.524
242.507,463.077
352.388,625.728
465.53,268.398
115.161,448.097
18.0443,431.432
892.973,617.174
298.754,489.297
108.085,514.581
73.6285,634.822
251.497,426.323
683.06,598.044
1047.97,434.485
1041.65,432.721
186.498,698.934
858.512,310.02
888.545,212.347
458.658,706.956
404.785,566.511
526.321,279.621
963.496,460.682
895.082,608.953
24.0676,628.818
715.235,627.472
291.112,510.675
597.837,592.341
665.923,673.62
167.23,436.559
298.21,669.19
681.916,416.483
530.378,656.725
943.009,568.419
1015.7,545.641
888.133,467.817
945.468,681.558
737.13,332.524
899.056,623.358
914.359,62.7554
354.823,326.59
567.086,322.251
437.16,284.428
1064.61,451.547
899.056,623.358
353.364,676.086
199.185,402.816
512.734,594.906
517.114,626.886
900.018,601.388
296.994,599.056
92.3169,619.127
943.705,684.887
278.073,665.085
915.338,666.143
364.847,463.325
900.638,590.875
251.497,426.323
215.687,517.001
215.687,517.001
897.102,533.789
906.608,641.966
906.608,641.966
892.973,617.174
24.4577,661.304
395.617,481.589
907.32,645.861
894.562,415.793
911.704,701.224
802.162,701.751
974.934,494.805
841.512,279.989
850.182,55.2306
496.529,529.972
983.432,665.793
911.345,669.121
213.25,402.64
574.347,677.915
332.592,211.276
909.978,636.184
913.41,680.923
938.305,550.343
897.929,447.186
946.426,463.799
131.192,367.099
1036.34,673.71
496.123,593.347
496.912,620.82
496.912,620.82
480.307,493.941
473.092,492.58
603.875,625.108
558.916,559.348
908.427,630.905
212.181,624.031
914.345,659.009
900.878,485.761
899.974,466.744
915.338,666.143
699.7,548.658
192.98,376.17
918.407,699.568
867.017,548.133
917.801,681.619
977.211,420.448
20.8766,307.414
814.12,574.697
903.594,480.708
707.018,481.343
913.543,602.497
917.114,632.36
940.184,415.828
5.92293,534.385
67.1283,211.974
938.305,550.343
914.555,586.415
796.121,234.472
45.1417,392.698
577.07,584.829
162.056,296.973
919.645,652.658
906.608,641.966
906.608,641.966
442.844,262.485
908.439,485.193
919.68,638.192
915.999,701.918
199.833,541.107
918.192,687.526
798.936,421.668
986.917,540.05
477.856,545.166
105.159,651.224
924.891,690.195
647.639,593.671
908.33,451.98
913.265,511.75
913.265,511.75
213.25,402.64
687.84,489.974
667.733,522.887
719.585,411.564
1064.59,608.413
91.0767,516.122
91.0767,516.122
360.855,702.109
900.678,332.875
900.678,332.875
921.404,615.828
877.618,520.508
680.157,685.102
353.364,676.086
109.33,398.477
1045.5,617.756
497.475,627.474
461.427,489.788
383.73,700.738
741.474,658.093
896.903,246.881
845.325,282.077
914.443,485.091
360.602,687.362
924.609,629.059
363.573,576.269
12.4439,406.336
171.834,670.536
922.036,586.635
473.877,545.086
39.015,239.372
841.168,342.36
115.279,544.483
959.892,663.354
929.795,685.34
855.135,377.188
121.534,449.464
878.19,331.055
182.187,416.496
537.541,675.505
27.6266,655.602
233.429,553.871
713.699,361.852
777.661,214.949
1064.61,451.547
943.009,568.419
482.762,274.197
934.639,714.979
750.097,621.075
52.2107,593.5
917.555,475.108
17.3348,473.704
78.9837,512.927
197.103,507.591
902.089,446.427
915.701,442.647
926.86,584.355
909.943,344.471
372.278,656.231
611.313,601.427
863.154,648.035
582.336,620.026
492,627.276
932.845,668.88
7.84864,159.724
108.905,554.099
931.185,628.072
778.562,393.237
370.562,653.164
213.491,453.502
194.665,541.185
260.721,421.695
932.471,615.21
841.512,279.989
927.929,535.856
675.424,669.045
140.204,168.269
137.273,199.882
781.216,474.844
494.576,295.92
662.309,702.042
570.607,698.917
725.574,678.145
557.783,510.132
82.2331,447.751
914.345,659.009
260.721,421.695
933.996,587.664
920.384,391.404
920.384,391.404
868.447,536.977
50.3169,347.349
522.197,311.281
919.226,370.189
866.718,516.07
604.909,654.906
307.107,132.773
1026,673.412
928.22,484.612
387.825,626.953
486.58,604.967
926.691,462.821
921.336,383.221
906.608,641.966
534.461,302.896
240.094,572.449
374.263,618.485
941.914,656.965
47.886,470.88
937.425,584.691
942.478,664.7
945.686,706.697
730.046,478.64
1068.45,663.972
1015.7,545.641
340.998,264.558
923.136,370.182
926.86,584.355
7.86646,476.097
46.2357,405.135
319.976,419.837
931.601,478.229
12.7618,531.366
835.058,611.355
565.062,678.741
109.217,455.39
330.494,499.241
933.257,485.966
63.3722,187.677
330.374,544.513
882.546,586.681
556.179,530.125
461.427,489.788
20.5688,303.855
845.564,639.031
18.2761,352.132
61.6288,479.166
370.562,653.164
390.518,630.45
1021.22,487.966
931.863,424.721
34.904,483.828
690.21,666.922
848.976,295.703
321.143,416.752
388.818,561.045
1057.83,580.333
831.084,677.497
943.009,568.419
360.172,492.952
943.009,568.419
252.1,658.656
950.746,457.653
930.051,456.748
389.519,155.479
930.051,456.748
836.201,566.708
665.923,673.62
505.365,550.024
644.119,692.306
805.304,452.874
196.522,658.158
946.322,588.665
702.431,663.214
939.759,484.011
1043.41,347.067
956.672,395.418
940.518,490.942
949.651,620.148
515.494,323.489
1012.53,661.891
672.396,523.698
629.09,531.072
84.4706,213.487
464.684,692.261
941.646,468.918
941.646,468.918
947.295,518.471
762.992,513.152
761.588,521.308
467.572,624.776
706.478,619.474
242.191,481.171
293.128,175.875
805.236,452.714
533.99,538.344
952.345,615.77
676.456,493.057
101.371,154.858
563.905,555.645
989.291,290.037
314.143,665.174
348.681,163.016
372.331,691.074
946.426,463.799
434.777,656.566
1015.7,545.641
948.378,488.145
956.817,658.652
836.729,315.746
828.451,687.392
828.451,687.392
412.785,603.597
934.883,283.736
500.737,197.329
426.307,714.423
949.192,518.376
959.992,566.914
60.4379,709.174
1040.3,499.347
347.293,536.367
917.114,632.36
950.746,457.653
494.576,295.92
253.79,224.494
746.328,380.03
724.357,479.162
339.546,449.203
1015.7,545.641
67.1283,211.974
203.403,537.282
698.587,585.926
967.795,658.62
366.057,679.3
948.853,375.296
961.297,535.957
33.6833,602.301
868.484,79.4315
310.784,464.673
851.971,529.904
958.752,482.441
730.378,433.473
427.1,641.023
871.134,347.407
951.458,347.375
973.991,619.371
836.101,283.146
953.355,370.573
953.355,370.573
462.199,284.618
693.105,548.535
961.058,456.207
237.915,643.855
1028.9,528.909
960.725,462.585
369.21,491.081
1048.42,580.257
865.465,696.747
690.21,666.922
718.788,264.538
591.335,510.032
967.668,549.445
38.0349,320.019
965.249,510.607
556.459,539.565
969.493,620.187
970.98,582.818
826.185,590.932
242.507,463.077
314.143,665.174
721.588,487.148
528.418,459.573
314.143,665.174
294.666,630.139
156.017,497.842
956.153,346.923
154.949,605.222
82.524,462.889
964.293,452.798
653.212,701.481
360.855,702.109
391.218,706.873
934.294,462.189
704.416,650.058
899.056,623.358
636.5,655.992
900.638,590.875
891.331,367.776
974.339,346.459
769.018,654.029
930.051,456.748
989.291,290.037
960.505,394.901
406,685.168
969.108,504.468
968.625,494.032
139.331,378.087
741.818,225.915
953.355,370.573
965.524,446.005
648.597,529.418
1054.55,325.692
812.816,311.318
792.591,617.789
179.945,702.932
571.709,678.13
498.03,632.592
961.093,372.579
90.3284,483.177
194.751,469.549
205.351,461.306
973.026,533.727
186.409,682.609
977.767,620
508.772,589.648
170.973,515.956
984.122,630.842
159.848,618.566
891.028,647.976
144.19,610.396
722.942,671.575
972.454,507.126
275.394,554.701
996.883,534.676
243.555,274.63
969.545,460.501
969.545,460.501
746.328,380.03
746.328,380.03
34.904,483.828
1048.42,580.257
681.629,461.066
833.851,257.807
913.107,544.457
370.562,653.164
314.143,665.174
1027.83,548.535
48.4773,326.778
487.502,503.559
908.427,630.905
976.022,491.811
824.651,608.832
850.182,55.2306
781.855,249.111
322.36,500.506
223.563,555.75
727.354,227.535
965.856,323.956
965.856,323.956
314.143,665.174
217.516,464.554
212.181,624.031
828.186,312.924
272.04,430.027
674.144,672.497
830.471,664.721
658.304,689.985
971.74,592.419
20.2786,344.006
1071.56,437.59
421.565,601.942
983.109,473.216
672.396,523.698
330.494,499.241
755.924,229.422
978.972,460.322
31.5671,348.473
908.439,485.193
673.96,519.386
988.899,589.122
151.227,625.744
880.931,483.387
363.855,444.196
805.236,452.714
196.478,406.282
966.379,441.135
773.234,114.494
973.991,619.371
994.156,625.034
506.407,494.954
657.525,501.463
1027.28,299.09
307.469,245.733
1063.39,703.982
284.349,210.9
324.332,510.328
857.217,609.284
1032.18,439.011
76.4798,485.516
996.787,629.737
997.828,637.633
807.321,494.382
457.925,300.372
880.154,628.598
555.436,684.658
847.208,481.72
997.112,622.844
734.125,388.357
1072.57,288.628
836.201,566.708
72.6237,559.561
150.784,630.688
577.86,140.283
528.993,644.266
528.993,644.266
294.376,141.796
984.122,630.842
907.35,441.776
198.502,709.822
982.712,619.888
1040.3,499.347
556.459,539.565
251.497,426.323
980.696,362.821
141.329,601.059
928.161,363.938
983.109,473.216
258.283,528.454
998.053,581.455
691.326,175.681
192.98,376.17
878.19,331.055
93.2013,607.975
858.926,611.848
259.422,670.194
979.706,318.381
648.597,529.418
1003.71,681.191
803.218,418.337
851.971,529.904
847.455,678.124
991.803,475.552
654.665,571.64
642.471,592.694
444.675,659.289
991.338,465.815
897.146,208.491
210.578,513.486
1004.69,630.821
436.874,500.94
896.903,246.881
558.403,489.281
974.211,306.766
449.081,699.54
909.521,636.24
362.231,612.145
257.646,634.354
876.839,600.295
343.553,471.553
703.265,633.304
703.265,633.304
750.218,215.365
1004.71,623.506
894.562,415.793
299.5,145.936
548.056,281.139
959.91,313.882
267.612,657.131
205.351,461.306
1046.85,318.139
1020.55,504.01
39.2417,472.48
868.484,79.4315
768.958,707.939
67.1056,477.371
801.568,455.192
11.4915,345.594
688.362,479.78
999.449,474.085
709.188,687.56
227.8,648.076
867.414,79.1377
872.159,373.878
312.542,345.823
15.5554,628.18
723.192,633.634
54.4545,633.984
667.733,522.887
1010.03,603.318
786.474,479.274
1015.63,697.67
919.645,652.658
1010.2,618.914
1052.36,674.831
1015.63,697.67
863.154,648.035
704.416,650.058
150.784,630.688
35.4766,611.605
647.639,593.671
360.172,492.952
201.371,614.666
125.136,260.364
670.022,337.038
860.765,607.723
1003.56,454.861
759.283,696.298
556.179,530.125
1064.58,583.304
1015.85,681.826
126.668,501.549
398.462,609.837
771.218,217.37
341.28,611.675
822.443,543.537
396.181,626.486
678.494,109.411
848.121,363.521
1039.88,356.406
1004.85,357.918
197.065,395.006
252.168,449.041
137.02,476.642
1021.41,692.102
228.833,628.965
842.504,426.668
178.969,650.162
740.026,630.563
11.5019,229.952
6.61896,319.385
1015.7,545.641
77.0014,332.386
711.004,713.011
1007.36,479.66
254.696,130.2
477.517,457.14
127.781,684.972
731.932,251.011
392.926,625.274
731.932,251.011
648.318,621.094
64.6566,628.628
973.026,533.727
1043.41,347.067
800.952,242.22
592.164,275.23
1002.89,341.057
945.929,606.464
823.352,258.262
61.654,352.33
330.88,350.03
888.459,418.509
474.229,626.633
922.97,603.476
922.97,603.476
778.488,668.848
711.004,713.011
752.519,686.94
